"product_id","product_name","gender","category","pattern","color","age_group","season","price","material","sales_count","reviews_count","average_rating","out_of_stock_times","brand","discount","last_stock_date","wish_list_count","month_of_sale","year_of_sale","product_url"
"9001","Spring To Summer Lace Trim Cami Top Pink Polka Dot","Female","Shirt","Polka Dots","Pink","18-35","Summer","45.0","Mixed","","","","","Princess Polly","","","","","2026","https://us.princesspolly.com/products/spring-to-summer-lace-trim-cami-top-pink-polka-dot"
"9002","Where Lovers Meet Sequin Graphic Tank Top Blue","Female","Shirt","Solid","Blue","18-35","Summer","49.0","Mixed","","","","","Princess Polly","","","","","2026","https://us.princesspolly.com/products/where-lovers-meet-sequin-graphic-tank-top-blue"
"9003","Baby Steps Spliced Bust Detail Cami Top Blue Gingham","Female","Shirt","Checked","Blue","18-35","Summer","55.0","Mixed","","","","","Princess Polly","","","","","2026","https://us.princesspolly.com/products/baby-steps-spliced-bust-detail-cami-top-blue-gingham"
"9004","Speechless Lace Trim Strapless Top White","Female","Shirt","Solid","White","18-35","Summer","55.0","Mixed","","","","","Princess Polly","","","","","2026","https://us.princesspolly.com/products/speechless-lace-trim-strapless-top-white"
"9005","Silver Springs Halter Ruched Mini Dress Jelly Mint","Female","Dress","Solid","Mint","18-35","Summer","69.0","Mixed","","","","","Princess Polly","","","","","2026","https://us.princesspolly.com/products/silver-springs-halter-ruched-mini-dress-jelly-mint"
"9006","Danee Beaded Mesh Halter Top Brown","Female","Shirt","Solid","Brown","18-35","Summer","55.0","Mixed","","","","","Princess Polly","","","","","2026","https://us.princesspolly.com/products/danee-beaded-mesh-halter-top-brown"
"9007","Idiana Halter Keyhole Top Blue Stripe","Female","Shirt","Striped","Blue","18-35","Summer","55.0","Mixed","","","","","Princess Polly","","","","","2026","https://us.princesspolly.com/products/idiana-halter-keyhole-top-blue-stripe"
"9008","Quani Lace Top Black","Female","Shirt","Solid","Black","18-35","Spring","55.0","Mixed","","","","","Princess Polly","","","","","2026","https://us.princesspolly.com/products/quani-lace-top-black"
"9009","Adolena Halter Ruched Maxi Dress Yellow Stripe","Female","Dress","Striped","Yellow","18-35","Summer","79.0","Mixed","","","","","Princess Polly","","","","","2026","https://us.princesspolly.com/products/adolena-halter-ruched-maxi-dress-yellow-stripe"
"9010","Saving Up Mid Rise Straight Leg Studded Jeans White","Female","Jeans","Solid","White","18-35","All","88.0","Mixed","","","","","Princess Polly","","","","","2026","https://us.princesspolly.com/products/saving-up-mid-rise-straight-leg-studded-jeans-white"
"9011","No Pressure Lace Trim Halter Top White","Female","Shirt","Solid","White","18-35","Summer","49.0","Mixed","","","","","Princess Polly","","","","","2026","https://us.princesspolly.com/products/no-pressure-lace-trim-halter-top-white"
"9012","Quani Lace Midi Skirt Black","Female","Skirt","Solid","Black","18-35","Spring","65.0","Mixed","","","","","Princess Polly","","","","","2026","https://us.princesspolly.com/products/quani-lace-midi-skirt-black"
"9013","Jamyma Asymmetrical Mini Dress Beige Stripe","Female","Dress","Striped","Beige","18-35","Summer","65.0","Mixed","","","","","Princess Polly","","","","","2026","https://us.princesspolly.com/products/jamyma-asymmetrical-mini-dress-beige-stripe"
"9014","Mayci Collared Lace Trim Playsuit Brown Check","Female","Dress","Checked","Red","18-35","Autumn","69.0","Mixed","","","","","Princess Polly","","","","","2026","https://us.princesspolly.com/products/mayci-collared-lace-trim-playsuit-brown-check"
"9015","Daily Define Halter Tank Top Red","Female","Shirt","Solid","Red","18-35","Summer","35.0","Mixed","","","","","Princess Polly","","","","","2026","https://us.princesspolly.com/products/daily-define-halter-tank-top-red"
"9016","Idiana Halter Keyhole Top Cream","Female","Shirt","Solid","Cream","18-35","Summer","55.0","Mixed","","","","","Princess Polly","","","","","2026","https://us.princesspolly.com/products/idiana-halter-keyhole-top-cream"
"9017","Edeni Lace Splice Halter Mini Dress Black","Female","Dress","Solid","Black","18-35","Summer","79.0","Mixed","","","","","Princess Polly","","","","","2026","https://us.princesspolly.com/products/edeni-lace-splice-halter-mini-dress-black"
"9018","Brigida Strapless Maxi Dress Mocha","Female","Dress","Solid","Multicolor","18-35","Summer","75.0","Mixed","","","","","Princess Polly","","","","","2026","https://us.princesspolly.com/products/brigida-strapless-maxi-dress-mocha"
"9019","Edeni Lace Splice Halter Mini Dress Multi","Female","Dress","Solid","Multicolor","18-35","Summer","79.0","Mixed","","","","","Princess Polly","","","","","2026","https://us.princesspolly.com/products/edeni-lace-splice-halter-mini-dress-multi"
"9020","Fillipa Lace Button Down Top White","Female","Shirt","Solid","White","18-35","Spring","45.0","Mixed","","","","","Princess Polly","","","","","2026","https://us.princesspolly.com/products/fillipa-lace-button-down-top-white"
"9021","Fenrir Ruched Mini Dress Multi Floral","Female","Dress","Floral","Multicolor","18-35","Summer","75.0","Mixed","","","","","Princess Polly","","","","","2026","https://us.princesspolly.com/products/fenrir-ruched-mini-dress-multi-floral"
"9022","Doralyn Scoop Mini Dress Blue Polka Dot","Female","Dress","Polka Dots","Blue","18-35","Summer","59.0","Mixed","","","","","Princess Polly","","","","","2026","https://us.princesspolly.com/products/doralyn-scoop-mini-dress-blue-polka-dot"
"9023","Dolana Halter Playsuit Chocolate","Female","Dress","Solid","Multicolor","18-35","Summer","75.0","Mixed","","","","","Princess Polly","","","","","2026","https://us.princesspolly.com/products/dolana-halter-playsuit-chocolate"
"9024","Picante Bias Cross Back Maxi Dress Pink Polka","Female","Dress","Polka Dots","Pink","18-35","All","79.0","Mixed","","","","","Princess Polly","","","","","2026","https://us.princesspolly.com/products/picante-bias-cross-back-maxi-dress-pink-polka"
"9025","Yalanda Cut Out Collared Top White","Female","Shirt","Solid","White","18-35","All","55.0","Mixed","","","","","Princess Polly","","","","","2026","https://us.princesspolly.com/products/yalanda-cut-out-collared-top-white"
"9026","Zarelle Graphic Halter Top Multi","Female","Shirt","Solid","Multicolor","18-35","Summer","39.0","Mixed","","","","","Princess Polly","","","","","2026","https://us.princesspolly.com/products/zarelle-graphic-halter-top-multi"
"9027","Korrine Off Shoulder Short Sleeve Lace Top Black","Female","Shirt","Solid","Black","18-35","Summer","49.0","Mixed","","","","","Princess Polly","","","","","2026","https://us.princesspolly.com/products/korrine-off-shoulder-short-sleeve-lace-top-black"
"9028","Leocadia Scoop Neck Bead Detail Top Chocolate","Female","Shirt","Solid","Multicolor","18-35","All","49.0","Mixed","","","","","Princess Polly","","","","","2026","https://us.princesspolly.com/products/leocadia-scoop-neck-bead-detail-top-chocolateolate"
"9029","Rusten Sheer Cinched Collared Top White","Female","Shirt","Solid","White","18-35","Autumn","55.0","Mixed","","","","","Princess Polly","","","","","2026","https://us.princesspolly.com/products/rusten-sheer-cinched-collared-top-white"
"9030","Antonetta Off Shoulder Ruched Mini Dress Grey Marle","Female","Dress","Solid","Grey","18-35","Summer","75.0","Mixed","","","","","Princess Polly","","","","","2026","https://us.princesspolly.com/products/antonetta-off-shoulder-ruched-mini-dress-grey-marle"
"9031","Agnessa Ruched Detail Mini Dress White","Female","Dress","Solid","White","18-35","Summer","69.0","Mixed","","","","","Princess Polly","","","","","2026","https://us.princesspolly.com/products/agnessa-ruched-detail-mini-dress-white"
"9032","Lunea Concealed Waistband Pants Beige Stripe","Female","Jeans","Striped","Beige","18-35","All","65.0","Mixed","","","","","Princess Polly","","","","","2026","https://us.princesspolly.com/products/lunea-concealed-waistband-pants-beige-stripe"
"9033","Delythena Frill Scoop Mini Dress Green Paisley","Female","Dress","Solid","Green","18-35","Summer","65.0","Mixed","","","","","Princess Polly","","","","","2026","https://us.princesspolly.com/products/delythena-frill-scoop-mini-dress-green-paisley"
"9034","Millen Gathered Waist Halter Maxi Dress White Polka Dot","Female","Dress","Polka Dots","White","18-35","Summer","85.0","Mixed","","","","","Princess Polly","","","","","2026","https://us.princesspolly.com/products/millen-gathered-waist-halter-maxi-dress-white-polka-dot"
"9035","Napoleon Faux Leather Jacket Dark Brown","Female","Jacket","Solid","Brown","18-35","Autumn","115.0","Leather","","","","","Princess Polly","","","","","2026","https://us.princesspolly.com/products/napoleon-faux-leather-jacket-dark-brown"
"9251","Overtime Oversized Tee | Black Relaxed-Fit","Male","Shirt","Solid","Black","18-35","All","40.0","Mixed","","","","","Cuts Clothing","","","","","2026","https://cutsclothing.com/products/overtime-tee-black"
"9252","AO Button Up | Nimbus Signature-Fit PYCA Pro?","Male","Other","Solid","Multicolor","18-35","All","42.0","Mixed","","","","","Cuts Clothing","","","","","2026","https://cutsclothing.com/products/ao-button-up-nimbus"
"9253","AO Button Up | Naples Blue Signature-Fit PYCA Pro?","Male","Other","Solid","Blue","18-35","All","42.0","Mixed","","","","","Cuts Clothing","","","","","2026","https://cutsclothing.com/products/ao-button-up-naples-blue"
"9254","Crossover Short Lined 7"" | Bone Classic-fit","Male","Jeans","Solid","Multicolor","18-35","All","55.0","Mixed","","","","","Cuts Clothing","","","","","2026","https://cutsclothing.com/products/crossover-short-lined-bone"
"9255","Crossover Short Lined 7"" | Iron Navy Classic-fit","Male","Jeans","Solid","Navy","18-35","All","55.0","Mixed","","","","","Cuts Clothing","","","","","2026","https://cutsclothing.com/products/crossover-short-lined-iron-navy"
"9256","Crossover Short Lined 7"" | Vapor Classic-fit","Male","Jeans","Solid","Multicolor","18-35","All","68.0","Mixed","","","","","Cuts Clothing","","","","","2026","https://cutsclothing.com/products/crossover-short-lined-vapor"
"9257","Crossover Short Lined 7"" | Black Classic-fit","Male","Jeans","Solid","Black","18-35","All","55.0","Mixed","","","","","Cuts Clothing","","","","","2026","https://cutsclothing.com/products/crossover-short-lined-black"
"9258","Crossover Short Lined 7"" | Obsidian Classic-Fit","Male","Jeans","Solid","Multicolor","18-35","All","55.0","Mixed","","","","","Cuts Clothing","","","","","2026","https://cutsclothing.com/products/crossover-short-lined-obsidian"
"9259","Crossover Short Lined 7"" | Charcoal Classic-Fit","Male","Jeans","Solid","Multicolor","18-35","All","55.0","Mixed","","","","","Cuts Clothing","","","","","2026","https://cutsclothing.com/products/crossover-short-lined-charcoal"
"9260","AO 5-Pocket Pant | Obsidian Slim-Fit Versaknit?","Male","Jeans","Solid","Multicolor","18-35","Winter","79.0","Mixed","","","","","Cuts Clothing","","","","","2026","https://cutsclothing.com/products/ao-5-pocket-pant-obsidian"
"9261","AO 5-Pocket Pant | Steel Slim-Fit Versaknit?","Male","Jeans","Solid","Multicolor","18-35","Winter","79.0","Mixed","","","","","Cuts Clothing","","","","","2026","https://cutsclothing.com/products/ao-5-pocket-pant-steel"
"9262","AO 5 Pocket Pant | Urban Chic Slim-fit Versaknit?","Male","Jeans","Solid","Multicolor","18-35","Winter","79.0","Mixed","","","","","Cuts Clothing","","","","","2026","https://cutsclothing.com/products/ao-5-pocket-pant-urban-chic"
"9263","AO 5 Pocket Pant | Sepia Tint Slim-fit Versaknit?","Male","Jeans","Solid","Multicolor","18-35","Winter","79.0","Mixed","","","","","Cuts Clothing","","","","","2026","https://cutsclothing.com/products/ao-5-pocket-pant-sepia-tint"
"9264","Riviera Knit Textured Tee | Naples Blue Signature-Fit","Male","Shirt","Solid","Blue","18-35","Winter","78.0","Mixed","","","","","Cuts Clothing","","","","","2026","https://cutsclothing.com/products/riviera-knit-texture-tee-naples-blue"
"9265","Riviera Knit Polo | Naples Blue Signature-Fit","Male","Shirt","Solid","Blue","18-35","Winter","62.0","Mixed","","","","","Cuts Clothing","","","","","2026","https://cutsclothing.com/products/riviera-knit-polo-naples-blue"
"9266","Riviera Knit Polo | Mercury Signature-Fit","Male","Shirt","Solid","Multicolor","18-35","Winter","62.0","Mixed","","","","","Cuts Clothing","","","","","2026","https://cutsclothing.com/products/riviera-knit-polo-mercury"
"9267","Riviera Knit Textured Tee | Nimbus Signature-Fit","Male","Shirt","Solid","Red","18-35","Winter","78.0","Mixed","","","","","Cuts Clothing","","","","","2026","https://cutsclothing.com/products/riviera-knit-texture-tee-nimbus"
"9268","Riviera Knit Polo | Pure Cashmere Signature-Fit","Male","Shirt","Solid","Multicolor","18-35","Winter","62.0","Cashmere","","","","","Cuts Clothing","","","","","2026","https://cutsclothing.com/products/riviera-knit-polo-pure-cashmere"
"9269","Riviera Knit Button Up | Naples Blue Signature-Fit","Male","Shirt","Solid","Blue","18-35","Winter","68.0","Mixed","","","","","Cuts Clothing","","","","","2026","https://cutsclothing.com/products/riviera-knit-button-up-naples-blue"
"9270","Riviera Knit Button Up | Mercury Signature-Fit","Male","Shirt","Solid","Multicolor","18-35","Winter","68.0","Mixed","","","","","Cuts Clothing","","","","","2026","https://cutsclothing.com/products/riviera-knit-button-up-mercury"
"9271","Riviera Knit Button Up | Pure Cashmere Signature-Fit","Male","Shirt","Solid","Multicolor","18-35","Winter","68.0","Cashmere","","","","","Cuts Clothing","","","","","2026","https://cutsclothing.com/products/riviera-knit-button-up-pure-cashmere"
"9272","Almost Friday Tee | Clay Classic-fit PYCA Pro?","Female","Shirt","Solid","Multicolor","18-35","All","32.0","Mixed","","","","","Cuts Clothing","","","","","2026","https://cutsclothing.com/products/almost-friday-tee-clay"
"9284","Alpha Vest | Steel Classic-Fit","Male","Jacket","Solid","Multicolor","18-35","All","164.0","Mixed","","","","","Cuts Clothing","","","","","2026","https://cutsclothing.com/products/alpha-vest-steel"
"9285","Alpha Vest | Black Classic-Fit","Male","Jacket","Solid","Black","18-35","All","164.0","Mixed","","","","","Cuts Clothing","","","","","2026","https://cutsclothing.com/products/alpha-vest-black"
"9504","Represent X Belstaff Racing Shorts - Dark Grey","Male","Shorts","Solid","Grey","18-35","Summer","150.0","Mixed","","","","","Represent","","","","","2026","https://representclo.com/products/represent-x-belstaff-racing-shorts-dark-grey"
"9505","Represent X Belstaff Nylon Racing Jacket - Jet Black","Male","Jacket","Solid","Black","18-35","All","485.0","Nylon","","","","","Represent","","","","","2026","https://representclo.com/products/represent-x-belstaff-nylon-racing-jacket-jet-black"
"9506","Represent X Belstaff Born To Bike Hoodie - Mid Blue","Male","Shirt","Solid","Blue","18-35","Winter","275.0","Mixed","","","","","Represent","","","","","2026","https://representclo.com/products/represent-x-belstaff-born-to-bike-hoodie-mid-blue"
"9507","Represent X Belstaff Born To Bike Hoodie - Aged Black","Male","Shirt","Solid","Black","18-35","Winter","275.0","Mixed","","","","","Represent","","","","","2026","https://representclo.com/products/represent-x-belstaff-born-to-bike-hoodie-aged-black"
"9508","Represent X Belstaff Born To Bike T-Shirt - Flat White","Male","Shirt","Solid","White","18-35","All","165.0","Mixed","","","","","Represent","","","","","2026","https://representclo.com/products/represent-x-belstaff-born-to-bike-t-shirt-flat-white"
"9509","Represent X Belstaff Biker Denim - Vintage Grey","Male","Jeans","Solid","Grey","18-35","All","270.0","Denim","","","","","Represent","","","","","2026","https://representclo.com/products/represent-x-belstaff-biker-denim-vintage-grey"
"9510","Represent X Belstaff Long Sleeve Racing T-Shirt - Dark Grey","Male","Shirt","Solid","Grey","18-35","All","190.0","Mixed","","","","","Represent","","","","","2026","https://representclo.com/products/represent-x-belstaff-long-sleeve-racing-t-shirt-dark-grey"
"9511","Represent X Belstaff Racing Hoodie - Dark Grey","Male","Shirt","Solid","Grey","18-35","Winter","300.0","Mixed","","","","","Represent","","","","","2026","https://representclo.com/products/represent-x-belstaff-racing-hoodie-dark-grey"
"9512","Represent X Belstaff Born To Bike T-Shirt - Aged Black","Male","Shirt","Solid","Black","18-35","All","165.0","Mixed","","","","","Represent","","","","","2026","https://representclo.com/products/represent-x-belstaff-born-to-bike-t-shirt-aged-black"
"9513","Represent Owners Club Long Sleeve T-Shirt - Chalk","Male","Shirt","Solid","Multicolor","18-35","All","140.0","Mixed","","","","","Represent","","","","","2026","https://representclo.com/products/represent-owners-club-long-sleeve-t-shirt-chalk"
"9516","Represent Owners Club Zip Through Hoodie - Sienna","Male","Shirt","Solid","Multicolor","18-35","Winter","215.0","Mixed","","","","","Represent","","","","","2026","https://representclo.com/products/represent-owners-club-zip-through-hoodie-sienna"
"9517","Represent Owners Club Rugby Polo - Chalk","Male","Shirt","Solid","Multicolor","18-35","All","125.0","Mixed","","","","","Represent","","","","","2026","https://representclo.com/products/womens-represent-owners-club-rugby-polo-chalk"
"9518","Represent Owners Club Jersey Short - Sienna","Male","Shorts","Solid","Multicolor","18-35","Summer","115.0","Jersey","","","","","Represent","","","","","2026","https://representclo.com/products/womens-represent-owners-club-jersey-short-sienna"
"9519","Represent Owners Club Zip Funnel Neck - Sienna","Male","Shirt","Solid","Multicolor","18-35","All","190.0","Mixed","","","","","Represent","","","","","2026","https://representclo.com/products/womens-represent-owners-club-zip-funnel-neck-sienna"
"9520","Represent Owners Club Jersey Short - Sky Blue","Male","Shorts","Solid","Blue","18-35","Summer","115.0","Jersey","","","","","Represent","","","","","2026","https://representclo.com/products/womens-represent-owners-club-jersey-short-sky-blue"
"9521","Represent Owners Club Rib Vest - Chalk","Male","Shirt","Solid","Multicolor","18-35","All","85.0","Mixed","","","","","Represent","","","","","2026","https://representclo.com/products/womens-represent-owners-club-rib-vest-chalk"
"9522","Represent Owners Club Rib Vest - Jet Black","Male","Shirt","Solid","Black","18-35","All","85.0","Mixed","","","","","Represent","","","","","2026","https://representclo.com/products/womens-represent-owners-club-rib-vest-jet-black"
"9523","Represent Owners Club Stripe Rugby Polo - Sienna","Male","Shirt","Striped","Multicolor","18-35","All","125.0","Mixed","","","","","Represent","","","","","2026","https://representclo.com/products/womens-represent-owners-club-stripe-rugby-polo-sienna"
"9524","Represent Owners Club Sweatpant - Sienna","Male","Jeans","Solid","Multicolor","18-35","All","175.0","Mixed","","","","","Represent","","","","","2026","https://representclo.com/products/womens-represent-owners-club-sweatpant-sienna"
"9525","Represent Owners Club Sweatpant - Jet Black","Male","Jeans","Solid","Black","18-35","All","175.0","Mixed","","","","","Represent","","","","","2026","https://representclo.com/products/womens-represent-owners-club-sweatpant-jet-black"
"9526","Represent Owners Club Zip Through Hoodie - Sky Blue","Male","Shirt","Solid","Blue","18-35","Winter","190.0","Mixed","","","","","Represent","","","","","2026","https://representclo.com/products/womens-represent-owners-club-zip-through-hoodie-sky-blue"
"9527","Represent Owners Club Zip Through Hoodie - Jet Black","Male","Shirt","Solid","Black","18-35","Winter","190.0","Mixed","","","","","Represent","","","","","2026","https://representclo.com/products/womens-represent-owners-club-zip-through-hoodie-jet-black"
"9528","Represent Owners Club Henley Sweater - Sienna","Male","Shirt","Solid","Multicolor","18-35","Winter","175.0","Mixed","","","","","Represent","","","","","2026","https://representclo.com/products/represent-owners-club-henley-sweater-sienna"
"9529","Represent Owners Club Tank - Chalk","Male","Shirt","Solid","Multicolor","18-35","Summer","85.0","Mixed","","","","","Represent","","","","","2026","https://representclo.com/products/represent-owners-club-tank-chalk"
"9531","Represent Owners Club Mesh Short - Sienna","Male","Shorts","Solid","Multicolor","18-35","Summer","115.0","Mixed","","","","","Represent","","","","","2026","https://representclo.com/products/represent-owners-club-mesh-short-sienna"
"9532","Represent Owners Club Mesh Short - Sky Blue","Male","Shorts","Solid","Blue","18-35","Summer","115.0","Mixed","","","","","Represent","","","","","2026","https://representclo.com/products/represent-owners-club-mesh-short-sky-blue"
"9533","Represent Owners Club Mesh Short - Jet Black","Male","Shorts","Solid","Black","18-35","Summer","115.0","Mixed","","","","","Represent","","","","","2026","https://representclo.com/products/represent-owners-club-mesh-short-jet-black"
"9535","Represent Owners Club Sweatpant - Sky Blue","Male","Jeans","Solid","Blue","18-35","All","175.0","Mixed","","","","","Represent","","","","","2026","https://representclo.com/products/represent-owners-club-sweatpant-sky-blue"
"9751","Trino? Cozy Crew - Heathered Onyx","Unisex","Accessories","Solid","Red","18-35","Winter","24.0","Mixed","","","","","Allbirds","","","","","2026","https://www.allbirds.com/products/trino-cozy-crew-heathered-onyx"
"9752","Trino? Cozy Crew - Calm Acai","Unisex","Accessories","Solid","Multicolor","18-35","Winter","24.0","Mixed","","","","","Allbirds","","","","","2026","https://www.allbirds.com/products/trino-cozy-crew-calm-acai"
"9759","Sugar Zeffer 2 - Natural Black","Unisex","Shoes","Solid","Black","18-35","All","24.0","Mixed","","","","","Allbirds","","","","","2026","https://www.allbirds.com/products/sugar-zeffers-natural-black-2"
"9760","Sugar Zeffer 2 - Lux Beige","Unisex","Shoes","Solid","Beige","18-35","All","24.0","Mixed","","","","","Allbirds","","","","","2026","https://www.allbirds.com/products/sugar-zeffers-lux-beige"
"9761","Sugar Zeffer 2 - Buoyant Orange","Unisex","Shoes","Solid","Orange","18-35","All","24.0","Mixed","","","","","Allbirds","","","","","2026","https://www.allbirds.com/products/sugar-zeffers-buoyant-orange"
"10001","ESSENTIAL SLIM TEE","Male","Shirt","Solid","Multicolor","18-35","All","35.0","Mixed","","","","","ThreadC","","","","","2026","https://www.frankandoak.com/products/mens-knit-t-shirt-black-2mkt001fe-bla"
"10007","PRINTED TENCEL? LYOCELL RESORT SHIRT","Male","Shirt","Solid","Multicolor","18-35","Summer","69.0","Mixed","","","","","ThreadC","","","","","2026","https://www.frankandoak.com/products/mens-woven-shirt-blue-night-2mwc0041fe-night"
"10008","TENCEL? LYOCELL RESORT SHIRT","Male","Shirt","Solid","Multicolor","18-35","Summer","65.0","Mixed","","","","","ThreadC","","","","","2026","https://www.frankandoak.com/products/mens-woven-shirt-flint-stone-2mwc0040fe-ston"
"10009","PRINTED CHAMBRAY RESORT SHIRT","Female","Shirt","Solid","Multicolor","18-35","Summer","69.0","Mixed","","","","","ThreadC","","","","","2026","https://www.frankandoak.com/products/mens-woven-shirt-blue-2mwc0039fe-blue"
"10010","LINEN CHAMBRAY SHIRT","Female","Shirt","Solid","Multicolor","18-35","Summer","65.0","Linen","","","","","ThreadC","","","","","2026","https://www.frankandoak.com/products/mens-woven-shirt-grey-2mwc0038fe-egre"
"10012","DARK INDIGO DENIM JACKET","Male","Jacket","Solid","Multicolor","18-35","Spring","145.0","Denim","","","","","ThreadC","","","","","2026","https://www.frankandoak.com/products/mens-denim-jacket-dark-indigo-wash-2mwj002fe-idg"
"10013","DARK INDIGO STRAIGHT LEG DENIM","Male","Jeans","Solid","Multicolor","18-35","All","125.0","Denim","","","","","ThreadC","","","","","2026","https://www.frankandoak.com/products/mens-denim-jeans-dark-indigo-wash-2mwd001fe-idg"
"10014","RUGBY POLO","Male","Shirt","Solid","Multicolor","18-35","All","89.0","Mixed","","","","","ThreadC","","","","","2026","https://www.frankandoak.com/products/mens-knit-sweater-rain-washed-2mkt008fe-seablu"
"10016","ESSENTIAL CREW SWEATSHIRT","Male","Shirt","Solid","Multicolor","18-35","Winter","75.0","Mixed","","","","","ThreadC","","","","","2026","https://www.frankandoak.com/products/mens-knit-sweater-sand-dune-2mkt004fe-incen"
"10018","RELAXED FATIGUE PANT","Male","Jeans","Solid","Multicolor","18-35","All","129.0","Mixed","","","","","ThreadC","","","","","2026","https://www.frankandoak.com/products/mens-woven-pants-canvas-2mwp003fe-clk"
"10020","ESSENTIAL STRAIGHT PANT","Male","Jeans","Solid","Multicolor","18-35","All","129.0","Mixed","","","","","ThreadC","","","","","2026","https://www.frankandoak.com/products/mens-woven-pants-sand-dune-2mwp004fe-incen"
"10022","RELAXED PLEATED CHINO PANT","Male","Jeans","Solid","Multicolor","18-35","Autumn","119.0","Mixed","","","","","ThreadC","","","","","2026","https://www.frankandoak.com/products/mens-woven-pants-sand-dune-2mwp002fe-incen"
"10025","ESSENTIAL SLIM CHINO PANT","Male","Jeans","Solid","Multicolor","18-35","Autumn","109.0","Mixed","","","","","ThreadC","","","","","2026","https://www.frankandoak.com/products/mens-woven-pants-sand-dune-2mwp001fe-incen"
"10028","MAC COAT","Male","Jacket","Solid","Multicolor","18-35","Winter","275.0","Mixed","","","","","ThreadC","","","","","2026","https://www.frankandoak.com/products/mens-woven-jacket-sand-dune-2mwj003fe-incen"
"10029","WORKWEAR OVERSHIRT","Male","Jacket","Solid","Multicolor","18-35","All","125.0","Mixed","","","","","ThreadC","","","","","2026","https://www.frankandoak.com/products/mens-woven-jacket-canvas-2mwj001fe-clk"
"10033","PATTERN KNIT SHIRT","Male","Shirt","Solid","Multicolor","18-35","Winter","89.0","Mixed","","","","","ThreadC","","","","","2026","https://www.frankandoak.com/products/mens-knit-t-shirt-scarab-2mkt033fe-sca"
"10034","MILANO KNIT POLO","Male","Shirt","Solid","Multicolor","18-35","Winter","79.0","Mixed","","","","","ThreadC","","","","","2026","https://www.frankandoak.com/products/mens-knit-t-shirt-grisaille-2mkt032fe-gri"
"10057","Sprayed Slub Tee - Desert Camo","Male","Shirt","Camouflage","Multicolor","18-35","All","48.0","Mixed","","","","","mnml","","","","","2026","https://www.mnml.la/products/mnml-tops-sprayed-slub-tee-m2026-t722-dtc"
"10058","Ultra Wide Stained Denim - White","Male","Jeans","Solid","White","18-35","All","78.0","Denim","","","","","mnml","","","","","2026","https://www.mnml.la/products/mnml-denim-ultra-wide-stained-denim-m2026-d784-wht"
"10059","Striped S/S Tee - Pink/Green","Male","Shirt","Striped","Green","18-35","All","48.0","Mixed","","","","","mnml","","","","","2026","https://www.mnml.la/products/mnml-tops-striped-s-s-tee-m2026-t786-pgr"
"10060","Ultra Baggy Stripe Twill Shorts - Washed Blue","Male","Jeans","Striped","Blue","18-35","Summer","68.0","Mixed","","","","","mnml","","","","","2026","https://www.mnml.la/products/mnml-bottoms-ultra-baggy-stripe-twill-shorts-m2026-v720-wbl"
"10061","Ultra Baggy Stripe Twill Shorts - Washed Black","Male","Jeans","Striped","Black","18-35","Summer","68.0","Mixed","","","","","mnml","","","","","2026","https://www.mnml.la/products/mnml-bottoms-ultra-baggy-stripe-twill-shorts-m2026-v720-wbk"
"10062","Rave Stripe Denim - Black","Male","Jeans","Striped","Black","18-35","All","78.0","Denim","","","","","mnml","","","","","2026","https://www.mnml.la/products/mnml-denim-rave-stripe-denim-m2026-d771-blk"
"10063","Waxed Skinny Denim - Black","Male","Jeans","Solid","Black","18-35","All","78.0","Denim","","","","","mnml","","","","","2026","https://www.mnml.la/products/mnml-denim-waxed-skinny-denim-m2026-d768-blk"
"10064","Distressed Rave Cargo Pants - Camo","Male","Jeans","Camouflage","Multicolor","18-35","All","88.0","Mixed","","","","","mnml","","","","","2026","https://www.mnml.la/products/mnml-bottoms-distressed-rave-cargo-pants-m2026-p762-cam"
"10065","Sinister Thermal L/S Tee - Off White","Male","Shirt","Solid","White","18-35","Winter","56.0","Mixed","","","","","mnml","","","","","2026","https://www.mnml.la/products/mnml-tops-sinister-thermal-l-s-tee-m2026-l755-owt"
"10066","Ultra Wide Distressed Denim - Blue","Male","Jeans","Solid","Blue","18-35","All","88.0","Denim","","","","","mnml","","","","","2026","https://www.mnml.la/products/mnml-denim-ultra-wide-distressed-denim-m2025-d736-blu"
"10067","Ultra Baggy Work Shorts - Black","Male","Jeans","Solid","Black","18-35","Summer","78.0","Mixed","","","","","mnml","","","","","2026","https://www.mnml.la/products/mnml-bottoms-ultra-baggy-work-shorts-m2026-v431-blk"
"10068","Ultra Baggy Chain Printed Denim Shorts - Light Blue","Male","Jeans","Solid","Blue","18-35","Summer","88.0","Denim","","","","","mnml","","","","","2026","https://www.mnml.la/products/mnml-denim-ultra-baggy-chain-printed-denim-shorts-m2026-e664-lbl"
"10069","Extra Long Nylon Cargo Shorts - Black","Male","Jeans","Solid","Black","18-35","Summer","78.0","Nylon","","","","","mnml","","","","","2026","https://www.mnml.la/products/mnml-bottoms-extra-long-nylon-cargo-shorts-m2026-v765-blk"
"10070","Extra Long Nylon Cargo Shorts - Camo","Male","Jeans","Camouflage","Multicolor","18-35","Summer","78.0","Nylon","","","","","mnml","","","","","2026","https://www.mnml.la/products/mnml-bottoms-extra-long-nylon-cargo-shorts-m2026-v765-cam"
"10071","Distressed Ultra Baggy Cargo Shorts - Camo","Male","Jeans","Camouflage","Multicolor","18-35","Summer","78.0","Mixed","","","","","mnml","","","","","2026","https://www.mnml.la/products/mnml-bottoms-distressed-ultra-baggy-cargo-shorts-m2026-v764-cam"
"10072","Gamble Cutoff Tee - Off White","Male","Shirt","Solid","White","18-35","All","48.0","Mixed","","","","","mnml","","","","","2026","https://www.mnml.la/products/mnml-tops-gamble-cutoff-tee-m2026-t761-owt"
"10073","Bleeding L/S Tee - Yellow","Male","Shirt","Solid","Yellow","18-35","All","56.0","Mixed","","","","","mnml","","","","","2026","https://www.mnml.la/products/mnml-tops-bleeding-l-s-tee-m2026-l760-yll"
"10074","Quiet Zip Up Hoodie - Washed Black","Male","Jacket","Solid","Black","18-35","Winter","68.0","Mixed","","","","","mnml","","","","","2026","https://www.mnml.la/products/mnml-outerwear-quiet-zip-up-hoodie-m2026-h759-wbk"
"10075","994 Phantom Tee - Washed Black","Male","Shirt","Solid","Black","18-35","All","48.0","Mixed","","","","","mnml","","","","","2026","https://www.mnml.la/products/mnml-tops-994-phantom-tee-m2026-t758-wbk"
"10076","Lost L/S Tee - Orange","Male","Shirt","Solid","Orange","18-35","All","56.0","Mixed","","","","","mnml","","","","","2026","https://www.mnml.la/products/mnml-tops-lost-l-s-tee-m2026-l757-orn"
"10077","Ritual Cut Off Tee - Black","Male","Shirt","Solid","Black","18-35","All","48.0","Mixed","","","","","mnml","","","","","2026","https://www.mnml.la/products/mnml-tops-ritual-cut-off-tee-m2025-t727-blk"
"10078","Wide Polo S/S Shirt - Light Blue","Male","Shirt","Solid","Blue","18-35","All","54.0","Mixed","","","","","mnml","","","","","2026","https://www.mnml.la/products/mnml-tops-wide-polo-s-s-shirt-m2026-f756-lbl"
"10079","Wide Striped S/S Polo Shirt - Navy/Natural/Red","Male","Shirt","Striped","Navy","18-35","All","54.0","Mixed","","","","","mnml","","","","","2026","https://www.mnml.la/products/mnml-tops-wide-striped-s-s-polo-shirt-m2025-f728-nyn"
"10080","Pleated Twill Shorts - Khaki","Male","Jeans","Solid","Khaki","18-35","Summer","68.0","Mixed","","","","","mnml","","","","","2026","https://www.mnml.la/products/mnml-bottoms-pleated-twill-shorts-m2025-v726-kha"
"10081","Pleated Twill Shorts - Black","Male","Jeans","Solid","Black","18-35","Summer","68.0","Mixed","","","","","mnml","","","","","2026","https://www.mnml.la/products/mnml-bottoms-pleated-twill-shorts-m2025-v726-blk"
"10082","Darted Baggy Denim - Rinsed Black","Male","Jeans","Solid","Black","18-35","All","88.0","Denim","","","","","mnml","","","","","2026","https://www.mnml.la/products/mnml-denim-darted-baggy-denim-m2025-d709-rbk"
"10083","Darted Baggy Denim - Rinsed Indigo","Male","Jeans","Solid","Multicolor","18-35","All","88.0","Denim","","","","","mnml","","","","","2026","https://www.mnml.la/products/mnml-denim-darted-baggy-denim-m2025-d709-rin"
"10084","Collegiate Cardigan Sweater - Black/Brown","Male","Jacket","Solid","Black","18-35","Winter","78.0","Mixed","","","","","mnml","","","","","2026","https://www.mnml.la/products/mnml-outerwear-collegiate-cardigan-sweater-m2025-m697-bwn"
"10085","Side Snap Nylon Shorts - Black","Male","Jeans","Solid","Black","18-35","Summer","40.0","Nylon","","","","","mnml","","","","","2026","https://www.mnml.la/products/mnml-bottoms-side-snap-nylon-shorts-m2025-v698-blk"
"10086","Paneled Crewneck - Black","Male","Jacket","Solid","Black","18-35","Winter","18.0","Mixed","","","","","mnml","","","","","2026","https://www.mnml.la/products/mnml-outerwear-panelled-crewneck-m2025-c423-blk"
"10087","Paneled Crewneck - Bone","Male","Jacket","Solid","Multicolor","18-35","Winter","18.0","Mixed","","","","","mnml","","","","","2026","https://www.mnml.la/products/mnml-outerwear-panelled-crewneck-m2025-c423-bon"
"10088","Distressed Sleeveless Tank - Antique White","Male","Shirt","Solid","White","18-35","Summer","12.0","Mixed","","","","","mnml","","","","","2026","https://www.mnml.la/products/mnml-tops-distressed-sleeveless-tank-m2025-k412-awt"
"10089","West Double Knee Sweatpants - Blue","Male","Jeans","Solid","Blue","18-35","All","58.0","Mixed","","","","","mnml","","","","","2026","https://www.mnml.la/products/mnml-bottoms-west-double-knee-sweatpants-m2024-w879-blu"
"10090","Mixed Flannel Crewneck Sweater - Multi","Male","Jacket","Solid","Multicolor","18-35","Winter","64.0","Mixed","","","","","mnml","","","","","2026","https://www.mnml.la/products/mnml-outerwear-mixed-flannel-crewneck-sweater-m2026-m767-mul"
"10091","Crossbone L/S Tee - Washed Black","Male","Shirt","Solid","Black","18-35","All","56.0","Mixed","","","","","mnml","","","","","2026","https://www.mnml.la/products/mnml-tops-crossbone-l-s-tee-m2026-l754-wbk"
"10308","SCARLETTE HEEL - SILVER","Female","Shoes","Solid","Silver","18-35","All","155.0","Mixed","","","","","I AM GIA","","","","","2026","https://www.iamgia.com/products/scarlette-heel-silver"
"10310","ISSHA TERRY HAT - STONE","Female","Accessories","Solid","Multicolor","18-35","All","39.0","Mixed","","","","","I AM GIA","","","","","2026","https://www.iamgia.com/products/issha-terry-hat-stone"
"10311","LUMA MINI DRESS - GREY","Female","Shirt","Solid","Grey","18-35","Summer","99.0","Mixed","","","","","I AM GIA","","","","","2026","https://www.iamgia.com/products/luma-mini-dress-grey"
"10312","MILA BAG - PANTHERA","Female","Accessories","Solid","Multicolor","18-35","All","89.0","Mixed","","","","","I AM GIA","","","","","2026","https://www.iamgia.com/products/mila-bag-panthera"
"10313","ODEZIA TOP - GIA GIRLS","Female","Shirt","Solid","Multicolor","13-17","All","55.0","Mixed","","","","","I AM GIA","","","","","2026","https://www.iamgia.com/products/odezia-top-gia-girls"
"10314","MILA METALLIC BAG - SILVER METALLIC","Female","Accessories","Solid","Silver","18-35","All","89.0","Mixed","","","","","I AM GIA","","","","","2026","https://www.iamgia.com/products/mila-metallic-bag-silver-metallic"
"10315","CHERRI MINI SKIRT - GREY MULTI","Female","Skirt","Solid","Grey","18-35","Summer","79.0","Mixed","","","","","I AM GIA","","","","","2026","https://www.iamgia.com/products/cherri-mini-skirt-grey-multi"
"10316","YANA KNEE HIGH BOOTS - PANTHERA","Female","Shoes","Solid","Multicolor","18-35","All","239.0","Mixed","","","","","I AM GIA","","","","","2026","https://www.iamgia.com/products/yana-knee-high-boots-panthera"
"10317","ISSHA TERRY MINI SKIRT - STONE","Female","Skirt","Solid","Multicolor","18-35","Summer","89.0","Mixed","","","","","I AM GIA","","","","","2026","https://www.iamgia.com/products/issha-terry-mini-skirt-stone"
"10318","INA RIB TANK - MUSHROOM","Female","Shirt","Solid","Multicolor","18-35","Summer","55.0","Mixed","","","","","I AM GIA","","","","","2026","https://www.iamgia.com/products/ina-rib-tank-mushroom"
"10319","STARLA MINI DRESS - PINK","Female","Dress","Solid","Pink","18-35","Summer","109.0","Mixed","","","","","I AM GIA","","","","","2026","https://www.iamgia.com/products/starla-mini-dress-pink"
"10321","PENELOPE TANK - GIRL NEXT DOOR","Female","Shirt","Solid","Multicolor","13-17","Summer","55.0","Mixed","","","","","I AM GIA","","","","","2026","https://www.iamgia.com/products/penelope-tank-girl-next-door"
"10322","INKA STUDDED FLIP FLOP - BABY PINK","Female","Other","Solid","Pink","18-35","All","69.0","Mixed","","","","","I AM GIA","","","","","2026","https://www.iamgia.com/products/inka-studded-flip-flop-baby-pink"
"10323","LEXX MINI DRESS - SILVER","Female","Dress","Solid","Silver","18-35","Summer","129.0","Mixed","","","","","I AM GIA","","","","","2026","https://www.iamgia.com/products/lexx-mini-dress-silver"
"10326","PORTIA RUFFLE MINI SKIRT - BLACK","Female","Skirt","Solid","Black","18-35","Summer","69.0","Mixed","","","","","I AM GIA","","","","","2026","https://www.iamgia.com/products/portia-ruffle-mini-skirt-black"
"10327","PORTIA RUFFLE HALTER TOP - BLACK","Female","Shirt","Solid","Black","18-35","Summer","65.0","Mixed","","","","","I AM GIA","","","","","2026","https://www.iamgia.com/products/portia-ruffle-halter-top-black"
"10328","DIAMOND 2-IN-1 MINI DRESS - CREAM","Female","Shirt","Solid","Cream","18-35","Summer","119.0","Mixed","","","","","I AM GIA","","","","","2026","https://www.iamgia.com/products/diamond-2-in-1-mini-dress-cream"
"10329","COURTNEY TANK - SUPER MODEL","Female","Shirt","Solid","Multicolor","18-35","Summer","65.0","Mixed","","","","","I AM GIA","","","","","2026","https://www.iamgia.com/products/courtney-tank-super-model"
"10330","BRIELLE TERRY MINI SKIRT - PINK","Female","Skirt","Solid","Pink","18-35","Summer","69.0","Mixed","","","","","I AM GIA","","","","","2026","https://www.iamgia.com/products/brielle-terry-mini-skirt-pink"
"10331","BLARE HOODIE - LIGHT PINK STRIPE","Female","Jacket","Striped","Pink","18-35","Winter","79.0","Mixed","","","","","I AM GIA","","","","","2026","https://www.iamgia.com/products/blare-hoodie-light-pink-stripe"
"10332","BLARE HOODIE - HOT PINK STRIPE","Female","Jacket","Striped","Pink","18-35","Winter","79.0","Mixed","","","","","I AM GIA","","","","","2026","https://www.iamgia.com/products/blare-hoodie-hot-pink-stripe"
"10333","BLARE FOLDOVER TRACKPANT - LIGHT PINK STRIPE","Female","Jeans","Striped","Pink","18-35","All","85.0","Mixed","","","","","I AM GIA","","","","","2026","https://www.iamgia.com/products/blare-foldover-trackpant-light-pink-stripe"
"10334","BLARE FOLDOVER TRACKPANT - HOT PINK STRIPE","Female","Jeans","Striped","Pink","18-35","All","85.0","Mixed","","","","","I AM GIA","","","","","2026","https://www.iamgia.com/products/blare-foldover-trackpant-hot-pink-stripe"
"10335","INA TANK - HEATHER GREY","Female","Shirt","Solid","Grey","18-35","Summer","55.0","Mixed","","","","","I AM GIA","","","","","2026","https://www.iamgia.com/products/ina-tank-heather-grey"
"10336","NESSY BOOB TUBE - GIA GIRL","Female","Shirt","Solid","Multicolor","13-17","All","59.0","Mixed","","","","","I AM GIA","","","","","2026","https://www.iamgia.com/products/nessy-boob-tube-gia-girl"
"10337","CANDI PANT - CREAM","Female","Jeans","Solid","Cream","18-35","All","89.0","Mixed","","","","","I AM GIA","","","","","2026","https://www.iamgia.com/products/candi-pant-cream"
"10338","CANDI TOP - CREAM","Female","Shirt","Solid","Cream","18-35","All","65.0","Mixed","","","","","I AM GIA","","","","","2026","https://www.iamgia.com/products/candi-top-cream"
"10341","NESSY BOOB TUBE - WORSHIP ME","Female","Shirt","Solid","Multicolor","18-35","All","59.0","Mixed","","","","","I AM GIA","","","","","2026","https://www.iamgia.com/products/nessy-boob-tube-worship-me"
"9001","Honey Dust Bead Detail Cami Top Butter","Female","Shirt","Solid","Multicolor","18-35","Summer","50.0","Mixed","","","","","Princess Polly","","","","","2026","https://us.princesspolly.com/products/honey-dust-bead-detail-cami-top-butter"
"9002","Eliena Maxi Skirt Multi Petite","Female","Skirt","Solid","Multicolor","18-35","All","58.0","Mixed","","","","","Princess Polly","","","","","2026","https://us.princesspolly.com/products/eliena-maxi-skirt-multi-petite"
"9004","Silver Moon Linen Blend Tie Pants White Petite","Female","Jeans","Solid","White","18-35","Summer","84.0","Linen","","","","","Princess Polly","","","","","2026","https://us.princesspolly.com/products/silver-moon-linen-blend-tie-pants-white-petite"
"9005","Sunswept Open Back Mini Dress Blue","Female","Dress","Solid","Blue","18-35","Summer","75.0","Mixed","","","","","Princess Polly","","","","","2026","https://us.princesspolly.com/products/sunswept-open-back-mini-dress-blue"
"9006","Justina Bandage Mini Dress Red Petite","Female","Dress","Solid","Red","18-35","Summer","75.0","Mixed","","","","","Princess Polly","","","","","2026","https://us.princesspolly.com/products/justina-bandage-mini-dress-red-petite"
"9007","Sadee Mini Dress Red Petite","Female","Dress","Solid","Red","18-35","Summer","64.0","Mixed","","","","","Princess Polly","","","","","2026","https://us.princesspolly.com/products/sadee-mini-dress-red-petite"
"9008","Ainsleigh Shift Denim Playsuit Light Wash Petite","Female","Dress","Solid","Multicolor","18-35","Spring","74.0","Denim","","","","","Princess Polly","","","","","2026","https://us.princesspolly.com/products/ainsleigh-shift-denim-playsuit-light-wash-petite"
"9009","Lunea Concealed Waistband Pants White Tall","Female","Jeans","Solid","White","18-35","All","65.0","Mixed","","","","","Princess Polly","","","","","2026","https://us.princesspolly.com/products/lunea-concealed-waistband-pants-white-tall"
"9010","Malora Crochet Sequin Mini Skirt Natural","Female","Skirt","Solid","Multicolor","18-35","Summer","55.0","Mixed","","","","","Princess Polly","","","","","2026","https://us.princesspolly.com/products/malora-crochet-sequin-mini-skirt-natural"
"9011","Claudina Halter Playsuit Black","Female","Dress","Solid","Black","18-35","Summer","69.0","Mixed","","","","","Princess Polly","","","","","2026","https://us.princesspolly.com/products/claudina-halter-playsuit-black"
"9012","Lunea Concealed Waistband Pants Brown Tall","Female","Jeans","Solid","Brown","18-35","All","65.0","Mixed","","","","","Princess Polly","","","","","2026","https://us.princesspolly.com/products/lunea-concealed-waistband-pants-brown-tall"
"9013","Delaney V Neck Frill Midi Dress Brown / Pink Polka Dot","Female","Dress","Polka Dots","Pink","18-35","Spring","79.0","Mixed","","","","","Princess Polly","","","","","2026","https://us.princesspolly.com/products/delaney-v-neck-frill-midi-dress-brown-brown-pink-polka-dot"
"9014","Nellie Maxi Dress Brown Polka Dot Tall","Female","Dress","Polka Dots","Brown","18-35","All","68.0","Mixed","","","","","Princess Polly","","","","","2026","https://us.princesspolly.com/products/nellie-maxi-dress-brown-polka-dot-tall"
"9015","Sweet Somethings Mini Dress Red Check Tall","Female","Dress","Checked","Red","18-35","Summer","59.0","Mixed","","","","","Princess Polly","","","","","2026","https://us.princesspolly.com/products/sweet-somethings-mini-dress-red-check-tall"
"9016","Alanah Mini Dress White Tall","Female","Dress","Solid","White","18-35","Summer","58.0","Mixed","","","","","Princess Polly","","","","","2026","https://us.princesspolly.com/products/alanah-mini-dress-white-tall"
"9018","Antiquity Babydoll Top Black","Female","Shirt","Solid","Black","18-35","All","55.0","Mixed","","","","","Princess Polly","","","","","2026","https://us.princesspolly.com/products/antiquity-babydoll-top-black"
"9019","Howland Strapless Sheer Blouson Mini Dress Yellow","Female","Dress","Solid","Yellow","18-35","Summer","69.0","Mixed","","","","","Princess Polly","","","","","2026","https://us.princesspolly.com/products/howland-strapless-sheer-blouson-mini-dress-yellow"
"9021","Sunswept Open Back Mini Dress Black","Female","Dress","Solid","Black","18-35","Summer","75.0","Mixed","","","","","Princess Polly","","","","","2026","https://us.princesspolly.com/products/sunswept-open-back-mini-dress-black"
"9022","Amalfia V Neck Mini Dress Cyan","Female","Dress","Solid","Multicolor","18-35","Summer","59.0","Mixed","","","","","Princess Polly","","","","","2026","https://us.princesspolly.com/products/amalfia-v-neck-mini-dress-cyan"
"9023","Bambalina Babydoll Mini Dress Brown Stripe","Female","Dress","Striped","Brown","18-35","Summer","69.0","Mixed","","","","","Princess Polly","","","","","2026","https://us.princesspolly.com/products/bambalina-babydoll-mini-dress-brown-stripe"
"9026","Izadonna Off Shoulder Cinched Mini Dress Black","Female","Dress","Solid","Black","18-35","Summer","65.0","Mixed","","","","","Princess Polly","","","","","2026","https://us.princesspolly.com/products/izadonna-off-shoulder-cinched-mini-dress-black"
"9027","Keep It Light Low Back Tank Top Pink / Grey Stripe","Female","Shirt","Striped","Grey","18-35","Summer","35.0","Mixed","","","","","Princess Polly","","","","","2026","https://us.princesspolly.com/products/keep-it-light-low-back-tank-top-pink-grey-stripe"
"9028","Beach Days Tie Front Boardshorts Blue / Brown Stripe","Female","Shorts","Striped","Blue","18-35","Summer","49.0","Mixed","","","","","Princess Polly","","","","","2026","https://us.princesspolly.com/products/beach-days-tie-front-boardshorts-blue-brown-stripe"
"9029","Leyda Plunge Frill Mini Dress Purple","Female","Dress","Solid","Purple","18-35","Summer","69.0","Mixed","","","","","Princess Polly","","","","","2026","https://us.princesspolly.com/products/leyda-plunge-frill-mini-dress-purple"
"9030","Makaia Balconette Maxi Dress White","Female","Dress","Solid","White","18-35","All","99.0","Mixed","","","","","Princess Polly","","","","","2026","https://us.princesspolly.com/products/makaia-balconette-maxi-dress-white"
"9031","Indee Cropped Cargo Pants White","Female","Jeans","Solid","White","18-35","Summer","69.0","Mixed","","","","","Princess Polly","","","","","2026","https://us.princesspolly.com/products/indee-cropped-cargo-pants-white"
"9032","Roller Coaster Bead Detail Top Turquoise Shimmer","Female","Shirt","Solid","Multicolor","18-35","All","49.0","Mixed","","","","","Princess Polly","","","","","2026","https://us.princesspolly.com/products/roller-coaster-bead-detail-top-turquoise-shimmer"
"9033","Easy Going Button Detail Halter Linen Mini Dress Black","Female","Dress","Solid","Black","18-35","Summer","69.0","Linen","","","","","Princess Polly","","","","","2026","https://us.princesspolly.com/products/easy-going-button-detail-halter-linen-mini-dress-black"
"9034","Codami Mini Dress Blue","Female","Dress","Solid","Blue","18-35","Summer","88.0","Mixed","","","","","Princess Polly","","","","","2026","https://us.princesspolly.com/products/codami-mini-dress-blue"
"9035","I Love Holidays Graphic Baby Tee Jelly Mint","Female","Shirt","Solid","Mint","18-35","All","39.0","Mixed","","","","","Princess Polly","","","","","2026","https://us.princesspolly.com/products/i-love-holidays-graphic-baby-tee-jelly-mint"
"9251","Overtime Oversized Tee | Nimbus Relaxed-Fit","Male","Other","Solid","Multicolor","18-35","All","45.0","Mixed","","","","","Cuts Clothing","","","","","2026","https://cutsclothing.com/products/overtime-tee-nimbus"
"10057","Washed Ultra Baggy Sweatpants - Black","Male","Jeans","Solid","Black","18-35","All","68.0","Mixed","","","","","mnml","","","","","2026","https://www.mnml.la/products/mnml-bottoms-washed-ultra-baggy-sweatpants-m2025-w314-blk"
"10307","SHELBY STUDDED FLIP FLOP 2.0 - WHITE","Female","Other","Solid","White","18-35","All","125.0","Mixed","","","","","I AM GIA","","","","","2026","https://www.iamgia.com/products/shelby-studded-flip-flop-2-0-white"
"10308","HAYLEY BAG - BABY PINK","Female","Accessories","Solid","Pink","18-35","All","89.0","Mixed","","","","","I AM GIA","","","","","2026","https://www.iamgia.com/products/hayley-bag-baby-pink"
"10309","VEXA SHORT - VINTAGE BLUE DENIM","Female","Shorts","Solid","Blue","18-35","Summer","99.0","Denim","","","","","I AM GIA","","","","","2026","https://www.iamgia.com/products/vexa-short-vintage-blue-denim"
"10310","STAR PET COLLAR - HOT PINK","Female","Other","Solid","Pink","18-35","All","29.0","Mixed","","","","","I AM GIA","","","","","2026","https://www.iamgia.com/products/star-pet-collar-hot-pink"
"10311","SHELBY STUDDED FLIP FLOP 2.0 - HOT PINK","Female","Other","Solid","Pink","18-35","All","125.0","Mixed","","","","","I AM GIA","","","","","2026","https://www.iamgia.com/products/shelby-studded-flip-flop-2-0-hot-pink"
"10312","REMINI DISTRESSED DENIM SKORT - GRAFFITI LIGHT WASH","Female","Skirt","Solid","Multicolor","18-35","Summer","99.0","Denim","","","","","I AM GIA","","","","","2026","https://www.iamgia.com/products/remini-distressed-denim-skort-graffiti-light-wash"
"10313","NYNA BANDAGE CAMI TOP - YELLOW","Female","Shirt","Solid","Yellow","18-35","Summer","99.0","Mixed","","","","","I AM GIA","","","","","2026","https://www.iamgia.com/products/nyna-bandage-cami-top-yellow"
"10314","NYNA BANDAGE CAMI TOP - HOT PINK","Female","Shirt","Solid","Pink","18-35","Summer","99.0","Mixed","","","","","I AM GIA","","","","","2026","https://www.iamgia.com/products/nyna-bandage-cami-top-hot-pink"
"10315","INKA STUDDED FLIP FLOP - SILVER","Female","Other","Solid","Silver","18-35","All","69.0","Mixed","","","","","I AM GIA","","","","","2026","https://www.iamgia.com/products/inka-studded-flip-flop-silver"
"10316","HAYLEY BAG - BLACK","Female","Accessories","Solid","Black","18-35","All","89.0","Mixed","","","","","I AM GIA","","","","","2026","https://www.iamgia.com/products/hayley-bag-black"
"10318","BLARE STUDDED TERRY PANT - STONE","Female","Jeans","Solid","Multicolor","18-35","All","85.0","Mixed","","","","","I AM GIA","","","","","2026","https://www.iamgia.com/products/blare-studded-terry-pant-stone"
"10319","BLARE STUDDED TERRY HOODIE - STONE","Female","Jacket","Solid","Multicolor","18-35","Winter","79.0","Mixed","","","","","I AM GIA","","","","","2026","https://www.iamgia.com/products/blare-studded-terry-hoodie-stone"
"10320","STAR PAWFECT 3-PIECE SET - BABY PINK","Female","Other","Solid","Pink","18-35","All","69.0","Mixed","","","","","I AM GIA","","","","","2026","https://www.iamgia.com/products/star-pawfect-3-piece-set-baby-pink"
"10321","VIRA MINI DRESS - PINK PAISLEY","Female","Dress","Solid","Pink","18-35","Summer","105.0","Mixed","","","","","I AM GIA","","","","","2026","https://www.iamgia.com/products/vira-mini-dress-pink-paisley-ws"
"10322","MICHELLE SKORT - BROWN","Female","Skirt","Solid","Brown","18-35","All","75.0","Mixed","","","","","I AM GIA","","","","","2026","https://www.iamgia.com/products/michelle-skort-brown"
"10323","MASON MINI SKIRT - DARK DENIM","Female","Skirt","Solid","Multicolor","18-35","Summer","145.0","Denim","","","","","I AM GIA","","","","","2026","https://www.iamgia.com/products/mason-mini-skirt-dark-denim"
"10325","MARCY CROCHET MAXI DRESS - BLACK","Female","Dress","Solid","Black","18-35","All","119.0","Mixed","","","","","I AM GIA","","","","","2026","https://www.iamgia.com/products/marcy-crochet-maxi-dress-black"
"10326","KACI MINI DRESS - OFF WHITE","Female","Dress","Solid","White","18-35","Summer","99.0","Mixed","","","","","I AM GIA","","","","","2026","https://www.iamgia.com/products/kaci-mini-dress-off-white"
"10327","JAXXON CARGO PANT - WASHED BLACK","Female","Jeans","Solid","Black","18-35","All","165.0","Mixed","","","","","I AM GIA","","","","","2026","https://www.iamgia.com/products/jaxxon-cargo-pant-washed-black"
"10328","HALO PANT - BUTTER YELLOW","Female","Jeans","Solid","Yellow","18-35","All","79.0","Mixed","","","","","I AM GIA","","","","","2026","https://www.iamgia.com/products/halo-pant-butter-yellow"
"10329","CRYSTAL MINI SKIRT - PLUM","Female","Skirt","Solid","Multicolor","18-35","Summer","79.0","Mixed","","","","","I AM GIA","","","","","2026","https://www.iamgia.com/products/crystal-mini-skirt-plum"
"10330","VIRA MINI DRESS - PINK : PAISLEY","Female","Dress","Solid","Pink","18-35","Summer","105.0","Mixed","","","","","I AM GIA","","","","","2026","https://www.iamgia.com/products/vira-mini-dress-pink-paisley"
"10331","HALO TOP - BUTTER YELLOW","Female","Shirt","Solid","Yellow","18-35","All","55.0","Mixed","","","","","I AM GIA","","","","","2026","https://www.iamgia.com/products/halo-top-butter-yellow"
"10332","JULIETTA MINI DRESS - BLUE PAISLEY","Female","Dress","Solid","Blue","18-35","Summer","135.0","Mixed","","","","","I AM GIA","","","","","2026","https://www.iamgia.com/products/julietta-mini-dress-blue-paisley"
"10333","MICHELLE BOOB TUBE - BROWN","Female","Shirt","Solid","Brown","18-35","All","65.0","Mixed","","","","","I AM GIA","","","","","2026","https://www.iamgia.com/products/michelle-boob-tube-brown"
"10334","MARISKA MINI SKIRT - BALI STRIPE","Female","Skirt","Striped","Multicolor","18-35","Summer","79.0","Mixed","","","","","I AM GIA","","","","","2026","https://www.iamgia.com/products/mariska-mini-skirt-bali-stripe"
"10335","MARISKA TOP - BALI STRIPE","Female","Shirt","Striped","Multicolor","18-35","All","69.0","Mixed","","","","","I AM GIA","","","","","2026","https://www.iamgia.com/products/mariska-top-bali-stripe"
"10336","REIKA PANT - DARK RED","Female","Jeans","Solid","Red","18-35","All","109.0","Mixed","","","","","I AM GIA","","","","","2026","https://www.iamgia.com/products/reika-pant-dark-red"
"10534","Ribbed En Pointe Tank - Burgundy","Female","Shirt","Solid","Burgundy","18-35","Summer","78.0","Mixed","","","","","Alo Yoga","","","","","2026","https://aloyoga.com/products/w9777r-ribbed-en-pointe-tank-burgundy"
"10538","Airlift High-Waist 7/8 Line Up Legging - Brownstone","Female","Activewear","Solid","Brown","18-35","All","144.0","Mixed","","","","","Alo Yoga","","","","","2026","https://aloyoga.com/products/w51154r-airlift-high-waist-7-8-line-up-legging-brownstone"
"10768","Go With The Flow Hip Tank - Onyx Black","Female","Activewear","Solid","Black","18-35","Summer","42.0","Mixed","","","","","Buff Bunny","","","","","2026","https://www.buffbunny.com/products/go-with-the-flow-hip-tank-onyx-black"
"10769","Go With The Flow Hip Tank - White","Female","Activewear","Solid","White","18-35","Summer","42.0","Mixed","","","","","Buff Bunny","","","","","2026","https://www.buffbunny.com/products/go-with-the-flow-hip-tank-white"
"10770","Go With The Flow Hip Tank - Tango Vibes","Female","Activewear","Solid","Multicolor","18-35","Summer","42.0","Mixed","","","","","Buff Bunny","","","","","2026","https://www.buffbunny.com/products/go-with-the-flow-hip-tank-tango-vibes"
"10771","Go With The Flow Hip Tank - Grape Juice","Female","Activewear","Solid","Multicolor","18-35","Summer","42.0","Mixed","","","","","Buff Bunny","","","","","2026","https://www.buffbunny.com/products/go-with-the-flow-hip-tank-grape-juice"
"10772","Go With The Flow Hip Tank - Pineapple","Female","Activewear","Solid","Multicolor","18-35","Summer","42.0","Mixed","","","","","Buff Bunny","","","","","2026","https://www.buffbunny.com/products/go-with-the-flow-hip-tank-pineapple"
"10773","Go With The Flow Hip Tank - Fresh","Female","Activewear","Solid","Multicolor","18-35","Summer","42.0","Mixed","","","","","Buff Bunny","","","","","2026","https://www.buffbunny.com/products/go-with-the-flow-hip-tank-fresh"
"10774","Go With The Flow Hip Tank - Burnt Sugar","Female","Activewear","Solid","Multicolor","18-35","Summer","42.0","Mixed","","","","","Buff Bunny","","","","","2026","https://www.buffbunny.com/products/go-with-the-flow-hip-tank-burnt-sugar"
"10775","Go With The Flow Hip Tank - Tequila Sunrise","Female","Activewear","Solid","Multicolor","18-35","Summer","42.0","Mixed","","","","","Buff Bunny","","","","","2026","https://www.buffbunny.com/products/go-with-the-flow-hip-tank-tequila-sunrise"
"10776","Go With The Flow Hip Tank - Punch","Female","Activewear","Solid","Multicolor","18-35","Summer","42.0","Mixed","","","","","Buff Bunny","","","","","2026","https://www.buffbunny.com/products/go-with-the-flow-hip-tank-punch"
"10777","Served Skort - Pineapple","Female","Activewear","Solid","Multicolor","18-35","All","52.0","Mixed","","","","","Buff Bunny","","","","","2026","https://www.buffbunny.com/products/served-skort-pineapple"
"10778","Served Skort - Onyx Black","Female","Activewear","Solid","Black","18-35","All","52.0","Mixed","","","","","Buff Bunny","","","","","2026","https://www.buffbunny.com/products/served-skort-onyx-black"
"10779","Served Skort - Punch","Female","Activewear","Solid","Multicolor","18-35","All","52.0","Mixed","","","","","Buff Bunny","","","","","2026","https://www.buffbunny.com/products/served-skort-punch"
"10780","Micro Legacy Legging - Tango and Grape Juice","Female","Activewear","Solid","Multicolor","18-35","All","70.0","Mixed","","","","","Buff Bunny","","","","","2026","https://www.buffbunny.com/products/micro-legacy-legging-tango-grape-juice"
"10781","Micro Legacy Legging - Grape Juice","Female","Activewear","Solid","Multicolor","18-35","All","70.0","Mixed","","","","","Buff Bunny","","","","","2026","https://www.buffbunny.com/products/micro-legacy-legging-grape-juice"
"10782","Micro Legacy Legging - Punch","Female","Activewear","Solid","Multicolor","18-35","All","70.0","Mixed","","","","","Buff Bunny","","","","","2026","https://www.buffbunny.com/products/micro-legacy-legging-punch"
"10783","Micro Legacy Legging - Tequila Sunrise and Punch","Female","Activewear","Solid","Multicolor","18-35","All","70.0","Mixed","","","","","Buff Bunny","","","","","2026","https://www.buffbunny.com/products/micro-legacy-legging-tequila-sunrise-punch"
"10784","Micro Legacy Legging - Fresh and White","Female","Activewear","Solid","White","18-35","All","70.0","Mixed","","","","","Buff Bunny","","","","","2026","https://www.buffbunny.com/products/micro-legacy-legging-fresh-white"
"10785","Micro Legacy Legging - Burnt Sugar and Rose Blush","Female","Activewear","Solid","Multicolor","18-35","All","70.0","Mixed","","","","","Buff Bunny","","","","","2026","https://www.buffbunny.com/products/micro-legacy-legging-burnt-sugar-rose"
"10786","Micro Legacy Legging - Fresh Print","Female","Activewear","Solid","Multicolor","18-35","All","70.0","Mixed","","","","","Buff Bunny","","","","","2026","https://www.buffbunny.com/products/micro-legacy-legging-fresh-print"
"10787","Sweetheart Nubre Sports Bra - Onyx Black and White","Female","Activewear","Solid","Black","18-35","All","46.0","Mixed","","","","","Buff Bunny","","","","","2026","https://www.buffbunny.com/products/sweetheart-nubre-sports-bra-onyx-black-white"
"10788","Sweetheart Nubre Sports Bra - Tango and Grape Juice","Female","Activewear","Solid","Multicolor","18-35","All","46.0","Mixed","","","","","Buff Bunny","","","","","2026","https://www.buffbunny.com/products/sweetheart-nubre-sports-bra-tango-grape-juice"
"10789","Sweetheart Nubre Sports Bra - Grape Juice and Tango","Female","Activewear","Solid","Multicolor","18-35","All","46.0","Mixed","","","","","Buff Bunny","","","","","2026","https://www.buffbunny.com/products/sweetheart-nubre-sports-bra-grape-juice-tango"
"10790","Sweetheart Nubre Sports Bra - Punch and Tequila Sunrise","Female","Activewear","Solid","Multicolor","18-35","All","46.0","Mixed","","","","","Buff Bunny","","","","","2026","https://www.buffbunny.com/products/sweetheart-nubre-sports-bra-punch-tequila-sunrise"
"10791","Sweetheart Nubre Sports Bra - Yellow and White","Female","Activewear","Solid","White","18-35","All","46.0","Mixed","","","","","Buff Bunny","","","","","2026","https://www.buffbunny.com/products/sweetheart-nubre-sports-bra-yellow-white"
"10792","Sweetheart Nubre Sports Bra - Tequila Sunrise and Punch","Female","Activewear","Solid","Multicolor","18-35","All","46.0","Mixed","","","","","Buff Bunny","","","","","2026","https://www.buffbunny.com/products/sweetheart-nubre-sports-bra-tequila-sunrise-punch"
"10793","Sweetheart Nubre Sports Bra - Fresh and White","Female","Activewear","Solid","White","18-35","All","46.0","Mixed","","","","","Buff Bunny","","","","","2026","https://www.buffbunny.com/products/sweetheart-nubre-sports-bra-fresh-white"
"11018","Black Meredith Bow Tank","Female","Activewear","Solid","Black","18-35","Summer","23.4","Mixed","","","","","Girlfriend Collective","","","","","2026","https://www.girlfriend.com/products/black-meredith-bow-tank"
"11019","Caf? Meredith Bow Tank","Female","Activewear","Solid","Red","18-35","Summer","23.4","Mixed","","","","","Girlfriend Collective","","","","","2026","https://www.girlfriend.com/products/cafe-meredith-bow-tank"
"11026","Marble Lucia Sleeveless Mini Dress","Female","Dress","Solid","Multicolor","18-35","Summer","26.4","Mixed","","","","","Girlfriend Collective","","","","","2026","https://www.girlfriend.com/products/marble-lucia-sleeveless-mini-dress"
"11028","Marble Ava Long Sleeve Mini Dress","Female","Dress","Solid","Multicolor","18-35","Summer","26.4","Mixed","","","","","Girlfriend Collective","","","","","2026","https://www.girlfriend.com/products/marble-ava-long-sleeve-mini-dress"
"11031","Gumdrop Lucia Sleeveless Mini Dress","Female","Dress","Solid","Multicolor","18-35","Summer","26.4","Mixed","","","","","Girlfriend Collective","","","","","2026","https://www.girlfriend.com/products/gumdrop-lucia-sleeveless-mini-dress"
"11032","Gumdrop Ava Long Sleeve Mini Dress","Female","Dress","Solid","Multicolor","18-35","Summer","26.4","Mixed","","","","","Girlfriend Collective","","","","","2026","https://www.girlfriend.com/products/gumdrop-ava-long-sleeve-mini-dress"
"11036","Cobalt Lucia Sleeveless Mini Dress","Female","Dress","Solid","Multicolor","18-35","Summer","26.4","Mixed","","","","","Girlfriend Collective","","","","","2026","https://www.girlfriend.com/products/cobalt-lucia-sleeveless-mini-dress"
"11040","Crush Lucia Sleeveless Mini Dress","Female","Dress","Solid","Multicolor","18-35","Summer","26.4","Mixed","","","","","Girlfriend Collective","","","","","2026","https://www.girlfriend.com/products/crush-lucia-sleeveless-mini-dress"
"11041","Crush Ava Long Sleeve Mini Dress","Female","Dress","Solid","Multicolor","18-35","Summer","26.4","Mixed","","","","","Girlfriend Collective","","","","","2026","https://www.girlfriend.com/products/crush-ava-long-sleeve-mini-dress"
"11042","Yosemite Compressive Moto Pocket Legging","Female","Activewear","Solid","Multicolor","18-35","All","29.4","Mixed","","","","","Girlfriend Collective","","","","","2026","https://www.girlfriend.com/products/yosemite-compressive-moto-pocket-legging"
"11043","Redwoods Compressive Moto Pocket Legging","Female","Activewear","Solid","Red","18-35","All","29.4","Mixed","","","","","Girlfriend Collective","","","","","2026","https://www.girlfriend.com/products/redwoods-compressive-moto-pocket-legging"
"11195","Women's Allday 365 (Ripstop)","Female","Shoes","Solid","Multicolor","18-35","All","150.0","Mixed","","","","","NoBull","","","","","2026","https://www.nobullproject.com/products/womens-tactical-green-allday-365"
"11198","Men's Allday 365 (Ripstop)","Male","Shoes","Solid","Multicolor","18-35","All","150.0","Mixed","","","","","NoBull","","","","","2026","https://www.nobullproject.com/products/mens-classic-white-cayenne-allday-365"
"11201","Women's Allday Knit","Female","Shoes","Solid","Multicolor","18-35","Winter","150.0","Mixed","","","","","NoBull","","","","","2026","https://www.nobullproject.com/products/womens-neon-pink-white-allday-knit"
"11203","Men's Allday Knit","Male","Shoes","Solid","Multicolor","18-35","Winter","150.0","Mixed","","","","","NoBull","","","","","2026","https://www.nobullproject.com/products/mens-mineral-white-olive-allday-knit"
"11208","Women's U Muscle Tank","Female","Shirt","Solid","Multicolor","18-35","Summer","30.0","Mixed","","","","","NoBull","","","","","2026","https://www.nobullproject.com/products/womens-u-muscle-tank-punch"
"11210","Women's U Boxy Tee","Female","Shirt","Solid","Multicolor","18-35","All","35.0","Mixed","","","","","NoBull","","","","","2026","https://www.nobullproject.com/products/womens-u-boxy-tee-zest"
"11212","Women's NOBULL U Muscle Tank","Female","Shirt","Solid","Multicolor","18-35","Summer","30.0","Mixed","","","","","NoBull","","","","","2026","https://www.nobullproject.com/products/womens-nobull-u-muscle-tank-punch"
"11437","Minimalist HY-Blend Crew Tee Tan","Male","Shirt","Solid","Multicolor","18-35","Summer","38.0","Mixed","","","","","Hylete","","","","","2026","https://www.hylete.com/products/minimalist-hy-blend-crew-tee-tan"
"11438","Stacked Nation HY-Blend Crew Tee Crimson Red","Male","Shirt","Solid","Red","18-35","All","38.0","Mixed","","","","","Hylete","","","","","2026","https://www.hylete.com/products/stacked-nation-hy-blend-crew-tee-crimson-red"
"11439","Stacked Nation HY-Blend Crew Tee Navy","Male","Shirt","Solid","Navy","18-35","All","38.0","Mixed","","","","","Hylete","","","","","2026","https://www.hylete.com/products/stacked-nation-hy-blend-crew-tee-navy"
"11440","HYLETE 12 HY-Blend Crew Tee Bone White","Male","Shirt","Solid","White","18-35","All","38.0","Mixed","","","","","Hylete","","","","","2026","https://www.hylete.com/products/hylete-12-hy-blend-crew-tee-bone-white"
"11441","Block Logo HY-Blend Crew Tee Tan","Male","Shirt","Solid","Multicolor","18-35","All","38.0","Mixed","","","","","Hylete","","","","","2026","https://www.hylete.com/products/block-logo-hy-blend-crew-tee-tan"
"11442","Barbell Club HY-Blend Crew Tee Crimson Red","Male","Shirt","Solid","Red","18-35","All","38.0","Mixed","","","","","Hylete","","","","","2026","https://www.hylete.com/products/barbell-club-hy-blend-crew-tee-crimson-red"
"11443","Barbell Club HY-Blend Crew Tee Bone White","Male","Shirt","Solid","White","18-35","All","38.0","Mixed","","","","","Hylete","","","","","2026","https://www.hylete.com/products/barbell-club-hy-blend-crew-tee-bone-white"
"11444","HYLETE 12 HY-Blend Crew Tee Black","Male","Shirt","Solid","Black","18-35","All","38.0","Mixed","","","","","Hylete","","","","","2026","https://www.hylete.com/products/hylete-12-hy-blend-crew-tee-black"
"11445","One Peak HY-Blend Crew Tee Sky Blue","Male","Shirt","Solid","Blue","18-35","All","38.0","Mixed","","","","","Hylete","","","","","2026","https://www.hylete.com/products/one-peak-hy-blend-crew-tee-blue"
"11446","One Peak HY-Blend Crew Tee Raw Umber","Male","Shirt","Solid","Multicolor","18-35","All","38.0","Mixed","","","","","Hylete","","","","","2026","https://www.hylete.com/products/one-peak-hy-blend-crew-tee-raw-umber"
"11447","Camo Icon HY-Blend Crew Tee White","Male","Shirt","Camouflage","White","18-35","All","38.0","Mixed","","","","","Hylete","","","","","2026","https://www.hylete.com/products/camo-hy-blend-crew-tee-white"
"11448","Camo Icon HY-Blend Crew Tee Tan","Male","Shirt","Camouflage","Multicolor","18-35","All","38.0","Mixed","","","","","Hylete","","","","","2026","https://www.hylete.com/products/camo-hy-blend-crew-tee-tan"
"11449","Vertex II Short Cool Gray","Male","Jeans","Solid","Gray","18-35","All","78.0","Mixed","","","","","Hylete","","","","","2026","https://www.hylete.com/products/vetex-2-short-cool-gray"
"11450","Vertex II Short Black","Male","Jeans","Solid","Black","18-35","All","78.0","Mixed","","","","","Hylete","","","","","2026","https://www.hylete.com/products/vetex-2-short-black"
"11451","Vertex II Short Olive","Male","Jeans","Solid","Olive","18-35","Autumn","78.0","Mixed","","","","","Hylete","","","","","2026","https://www.hylete.com/products/vetex-2-short-olive"
"11452","Flexion II Jogger Heather Slate/Gray","Male","Jeans","Solid","Gray","18-35","All","108.0","Mixed","","","","","Hylete","","","","","2026","https://www.hylete.com/products/flexion-2-pant-slate-gray"
"11453","Strata Crew Fleece Silver","Male","Shirt","Solid","Silver","18-35","Winter","49.0","Fleece","","","","","Hylete","","","","","2026","https://www.hylete.com/products/strata-crew-fleece-silver"
"11454","Levo Short Heather Black","Male","Jeans","Solid","Black","18-35","All","44.0","Mixed","","","","","Hylete","","","","","2026","https://www.hylete.com/products/levo-short-heather-black"
"11455","Levo Short Heather Cool Gray","Male","Jeans","Solid","Gray","18-35","All","44.0","Mixed","","","","","Hylete","","","","","2026","https://www.hylete.com/products/levo-short-heather-cool-gray"
"11456","Levo Short Heather Earth Brown","Male","Jeans","Solid","Brown","18-35","All","44.0","Mixed","","","","","Hylete","","","","","2026","https://www.hylete.com/products/levo-short-heather-earth-brown"
"11457","Verge III Short Black","Male","Jeans","Solid","Black","18-35","All","88.0","Mixed","","","","","Hylete","","","","","2026","https://www.hylete.com/products/verge-3-black"
"11458","Recline Short Heather Cool Gray","Male","Jeans","Solid","Gray","18-35","All","88.0","Mixed","","","","","Hylete","","","","","2026","https://www.hylete.com/products/recline-short-heather-cool-gray"
"11459","Recline Short Heather Black","Male","Jeans","Solid","Black","18-35","All","88.0","Mixed","","","","","Hylete","","","","","2026","https://www.hylete.com/products/recline-short-heather-black"
"11460","Recline Short Heather Olive","Male","Jeans","Solid","Olive","18-35","Autumn","88.0","Mixed","","","","","Hylete","","","","","2026","https://www.hylete.com/products/recline-short-heather-olive"
"11461","Ion Pant Olive","Male","Jeans","Solid","Olive","18-35","Autumn","54.0","Mixed","","","","","Hylete","","","","","2026","https://www.hylete.com/products/ion-pant-olive"
"11462","Ion Pant Cool Gray","Male","Jeans","Solid","Gray","18-35","All","54.0","Mixed","","","","","Hylete","","","","","2026","https://www.hylete.com/products/ion-pant-cool-gray"
"11566","Modern Savage Tee (Heather Grey)","Male","Shirt","Solid","Grey","18-35","All","32.0","Mixed","","","","","Born Primitive","","","","","2026","https://www.bornprimitive.com/products/modern-savage-tee-heather-grey"
"11567","Modern Savage Tee (Navy)","Male","Shirt","Solid","Navy","18-35","All","32.0","Mixed","","","","","Born Primitive","","","","","2026","https://www.bornprimitive.com/products/modern-savage-tee-navy"
"11570","Versatile Short w/ Compression 7"" (Don't Tread On Me)","Male","Shorts","Solid","Multicolor","18-35","Summer","70.0","Mixed","","","","","Born Primitive","","","","","2026","https://www.bornprimitive.com/products/versatile-short-w-compression-7-dont-tread-on-me"
"11571","Versatile Short w/ Compression 5"" (Don't Tread On Me)","Male","Shorts","Solid","Multicolor","18-35","Summer","70.0","Mixed","","","","","Born Primitive","","","","","2026","https://www.bornprimitive.com/products/versatile-short-w-compression-5-dont-tread-on-me"
"11574","Guardian Short 8"" (Black)","Male","Shorts","Solid","Black","18-35","Summer","60.0","Mixed","","","","","Born Primitive","","","","","2026","https://www.bornprimitive.com/products/guardian-short-8-black"
"11575","Don't Tread On Me Tee (Mustard)","Male","Shirt","Solid","Mustard","18-35","Autumn","32.0","Mixed","","","","","Born Primitive","","","","","2026","https://www.bornprimitive.com/products/dont-tread-on-me-tee-mustard"
"11576","Don't Tread On Me Tee (Black)","Male","Shirt","Solid","Black","18-35","All","32.0","Mixed","","","","","Born Primitive","","","","","2026","https://www.bornprimitive.com/products/dont-tread-on-me-tee-black"
"11582","Don't Tread On Me Crop Tee (Black)","Male","Shirt","Solid","Black","18-35","Summer","32.0","Mixed","","","","","Born Primitive","","","","","2026","https://www.bornprimitive.com/products/dont-tread-on-me-crop-tee-black"
"11584","BP Premium Basic Crew (Marine)","Male","Shirt","Solid","Multicolor","18-35","All","40.0","Mixed","","","","","Born Primitive","","","","","2026","https://www.bornprimitive.com/products/bp-premium-basic-crew-marine"
"11585","BP Premium Basic Crew (Regal)","Male","Shirt","Solid","Multicolor","18-35","All","40.0","Mixed","","","","","Born Primitive","","","","","2026","https://www.bornprimitive.com/products/bp-premium-basic-crew-regal"
"11586","FLEX Stretchy Mom Jean Short (Pebble Blue)","Female","Shorts","Solid","Blue","18-35","Summer","55.0","Mixed","","","","","Born Primitive","","","","","2026","https://www.bornprimitive.com/products/flex-stretchy-mom-jean-short-pebble-blue"
"11587","FLEX Stretchy Mom Jean Short (Light Grey Wash)","Female","Shorts","Solid","Grey","18-35","Summer","55.0","Mixed","","","","","Born Primitive","","","","","2026","https://www.bornprimitive.com/products/flex-stretchy-mom-jean-short-light-grey-wash"
"11588","FLEX Stretchy Jean Short (Pebble Blue)","Female","Shorts","Solid","Blue","18-35","Summer","55.0","Mixed","","","","","Born Primitive","","","","","2026","https://www.bornprimitive.com/products/flex-stretchy-jean-short-pebble-blue"
"11589","FLEX Stretchy Jean Short (Light Grey Wash)","Female","Shorts","Solid","Grey","18-35","Summer","55.0","Mixed","","","","","Born Primitive","","","","","2026","https://www.bornprimitive.com/products/flex-stretchy-jean-short-light-grey-wash"
"11590","Men's FLEX Stretchy Pioneer Jacket 2.0 (Vintage Grey Wash)","Male","Shirt","Solid","Grey","18-35","All","66.0","Mixed","","","","","Born Primitive","","","","","2026","https://www.bornprimitive.com/products/mens-flex-stretchy-pioneer-jacket-2-0-vintage-grey-wash"
"11807","Plush Trackpant - Charcoal","Unisex","Shirt","Solid","Multicolor","18-35","Winter","105.0","Mixed","","","","","Ryderwear","","","","","2026","https://www.ryderwear.com/products/plush-trackpant-charcoal-1"
"11809","Plush Trackpant - Snow Marl","Unisex","Shirt","Solid","Multicolor","18-35","Winter","105.0","Mixed","","","","","Ryderwear","","","","","2026","https://www.ryderwear.com/products/plush-trackpant-snow-marl-1"
"11811","Plush Trackpant - Black","Unisex","Shirt","Solid","Black","18-35","Winter","105.0","Mixed","","","","","Ryderwear","","","","","2026","https://www.ryderwear.com/products/plush-trackpant-black-1"
"11813","Plush Hoodie - Charcoal","Unisex","Shirt","Solid","Multicolor","18-35","Winter","115.0","Mixed","","","","","Ryderwear","","","","","2026","https://www.ryderwear.com/products/plush-hoodie-charcoal-1"
"11815","Plush Hoodie - Snow Marl","Unisex","Shirt","Solid","Multicolor","18-35","Winter","115.0","Mixed","","","","","Ryderwear","","","","","2026","https://www.ryderwear.com/products/plush-hoodie-snow-marl-1"
"11817","Plush Hoodie - Black","Unisex","Shirt","Solid","Black","18-35","Winter","115.0","Mixed","","","","","Ryderwear","","","","","2026","https://www.ryderwear.com/products/plush-hoodie-black-1"
"11819","Sculpt Seamless Leggings - Deep Blue","Female","Shirt","Solid","Blue","18-35","All","89.0","Mixed","","","","","Ryderwear","","","","","2026","https://www.ryderwear.com/products/sculpt-seamless-leggings-deep-blue"
"11820","Sculpt Seamless Leggings - Rosie","Female","Shirt","Solid","Multicolor","18-35","All","89.0","Mixed","","","","","Ryderwear","","","","","2026","https://www.ryderwear.com/products/sculpt-seamless-leggings-rosie"
"11821","Sculpt Seamless Leggings - Cranberry","Female","Shirt","Solid","Multicolor","18-35","All","89.0","Mixed","","","","","Ryderwear","","","","","2026","https://www.ryderwear.com/products/sculpt-seamless-leggings-cranberry"
"11822","Sculpt Seamless Leggings - Chocolate","Female","Shirt","Solid","Multicolor","18-35","All","89.0","Mixed","","","","","Ryderwear","","","","","2026","https://www.ryderwear.com/products/sculpt-seamless-leggings-chocolate"
"12057","Form Soft Touch 1/2 Zip Long Sleeve","Male","Shirt","Solid","Multicolor","18-35","All","23.99","Mixed","","","","","2XU","","","","","2026","https://www.2xu.com/products/form-soft-touch-12-zip-long-sleeve-wr7360a-blackblack"
"12071","Aero Jacket","Male","Jacket","Solid","Multicolor","18-35","All","100.0","Mixed","","","","","2XU","","","","","2026","https://www.2xu.com/products/aero-jacket-mr7577a-midnightsilver-reflective"
"12073","Core Compression Game Day Long Sleeve","Male","Shirt","Solid","Multicolor","18-35","All","69.99","Mixed","","","","","2XU","","","","","2026","https://www.2xu.com/products/core-compression-game-day-long-sleeve-ma7159a-mens-royal-blue-royal-blue"
"10320","MASON CORSET - DARK DENIM","Female","Shirt","Solid","Multicolor","18-35","All","125.0","Denim","","","","","I AM GIA","","","","","2026","https://www.iamgia.com/products/mason-corset-dark-denim"
"10495","Airlift Alignment Bra - Navy/White","Female","Activewear","Solid","White","18-35","All","88.0","Mixed","","","","","Alo Yoga","","","","","2026","https://aloyoga.com/products/w9824r-airlift-alignment-bra-navy-white"
"10991","Kiwi Foldover Legging","Female","Activewear","Solid","Multicolor","18-35","All","29.4","Mixed","","","","","Girlfriend Collective","","","","","2026","https://www.girlfriend.com/products/kiwi-compressive-foldover-legging"
"10992","Dragonfruit Foldover Legging","Female","Activewear","Solid","Multicolor","18-35","All","29.4","Mixed","","","","","Girlfriend Collective","","","","","2026","https://www.girlfriend.com/products/dragonfruit-compressive-foldover-legging"
"10993","Lichen High-Rise Bike Short","Female","Activewear","Solid","Multicolor","18-35","All","68.0","Mixed","","","","","Girlfriend Collective","","","","","2026","https://www.girlfriend.com/products/lichen-high-rise-bike-short"
"10994","Lichen Compressive Pocket Legging","Female","Activewear","Solid","Multicolor","18-35","All","118.0","Mixed","","","","","Girlfriend Collective","","","","","2026","https://www.girlfriend.com/products/lichen-compressive-pocket-legging"
"10995","Lichen Compressive High-Rise Legging","Female","Activewear","Solid","Multicolor","18-35","All","108.0","Mixed","","","","","Girlfriend Collective","","","","","2026","https://www.girlfriend.com/products/lichen-compressive-high-rise-legging"
"10996","Stone High-Rise Bike Short","Female","Activewear","Solid","Multicolor","18-35","All","68.0","Mixed","","","","","Girlfriend Collective","","","","","2026","https://www.girlfriend.com/products/stone-high-rise-bike-short"
"10997","Stone Compressive Pocket Legging","Female","Activewear","Solid","Multicolor","18-35","All","118.0","Mixed","","","","","Girlfriend Collective","","","","","2026","https://www.girlfriend.com/products/stone-compressive-pocket-legging"
"10998","Stone Compressive High-Rise Legging","Female","Activewear","Solid","Multicolor","18-35","All","108.0","Mixed","","","","","Girlfriend Collective","","","","","2026","https://www.girlfriend.com/products/stone-compressive-high-rise-legging"
"10999","Umber High-Rise Bike Short","Female","Activewear","Solid","Multicolor","18-35","All","68.0","Mixed","","","","","Girlfriend Collective","","","","","2026","https://www.girlfriend.com/products/umber-high-rise-bike-short"
"11000","Umber Compressive Pocket Legging","Female","Activewear","Solid","Multicolor","18-35","All","118.0","Mixed","","","","","Girlfriend Collective","","","","","2026","https://www.girlfriend.com/products/umber-compressive-pocket-legging"
"11001","Umber Compressive High-Rise Legging","Female","Activewear","Solid","Multicolor","18-35","All","108.0","Mixed","","","","","Girlfriend Collective","","","","","2026","https://www.girlfriend.com/products/umber-compressive-high-rise-legging"
"11002","Rain High-Rise Bike Short","Female","Activewear","Solid","Multicolor","18-35","All","68.0","Mixed","","","","","Girlfriend Collective","","","","","2026","https://www.girlfriend.com/products/rain-high-rise-bike-short"
"11003","Rain Compressive Pocket Legging","Female","Activewear","Solid","Multicolor","18-35","All","118.0","Mixed","","","","","Girlfriend Collective","","","","","2026","https://www.girlfriend.com/products/rain-compressive-pocket-legging"
"11004","Rain Compressive High-Rise Legging","Female","Activewear","Solid","Multicolor","18-35","All","108.0","Mixed","","","","","Girlfriend Collective","","","","","2026","https://www.girlfriend.com/products/rain-compressive-high-rise-legging"
"11005","Bluestone Harriet High Neck Long Line Bra","Female","Activewear","Solid","Blue","18-35","All","68.0","Mixed","","","","","Girlfriend Collective","","","","","2026","https://www.girlfriend.com/products/bluestone-harriett-high-neck-long-line-bra"
"9001","Barracuda Applique Denim Mini Skirt Grunge Wash","Female","Skirt","Solid","Multicolor","18-35","Summer","55.0","Denim","","","","","Princess Polly","","","","","2026","https://us.princesspolly.com/products/barracuda-applique-denim-mini-skirt-grunge-wash"
"9003","Orlaith Cut Out Sleeveless Top Black","Female","Shirt","Solid","Black","18-35","Summer","49.0","Mixed","","","","","Princess Polly","","","","","2026","https://us.princesspolly.com/products/orlaith-cut-out-sleeveless-top-black"
"9004","Watch Me Leave Halter Playsuit Red / White Stripe","Female","Dress","Striped","White","18-35","Summer","59.0","Mixed","","","","","Princess Polly","","","","","2026","https://us.princesspolly.com/products/watch-me-leave-halter-playsuit-red-white-stripe"
"9005","Viridian Belted Flared Pants Black","Female","Jeans","Solid","Black","18-35","All","69.0","Mixed","","","","","Princess Polly","","","","","2026","https://us.princesspolly.com/products/viridian-belted-flared-pants-black"
"9006","Penny Mid Rise Straight Leg Jeans White","Female","Jeans","Solid","White","18-35","All","85.0","Mixed","","","","","Princess Polly","","","","","2026","https://us.princesspolly.com/products/penny-mid-rise-straight-leg-jeans-white"
"9007","Mikaro Crochet Mini Dress Black","Female","Dress","Solid","Black","18-35","Summer","69.0","Mixed","","","","","Princess Polly","","","","","2026","https://us.princesspolly.com/products/mikaro-crochet-mini-dress-black"
"9008","Nivelle Frill Detail Off Shoulder Top Black","Female","Shirt","Solid","Black","18-35","Summer","55.0","Mixed","","","","","Princess Polly","","","","","2026","https://us.princesspolly.com/products/nivelle-frill-detail-off-shoulder-top-black"
"9009","Glacial Sheer Maxi Dress Noir","Female","Dress","Solid","Multicolor","18-35","Spring","75.0","Mixed","","","","","Princess Polly","","","","","2026","https://us.princesspolly.com/products/glacial-sheer-maxi-dress-noir"
"9011","Orvio Halter Top Brown / Paisley","Female","Shirt","Solid","Brown","18-35","Summer","55.0","Mixed","","","","","Princess Polly","","","","","2026","https://us.princesspolly.com/products/orvio-halter-top-brown-paisley"
"9012","Ikani Strapless Knit Top Sorbet","Female","Shirt","Solid","Multicolor","18-35","Summer","49.0","Mixed","","","","","Princess Polly","","","","","2026","https://us.princesspolly.com/products/ikani-strapless-knit-top-sorbet"
"9013","Kysa Off Shoulder Knit Top Gold","Female","Shirt","Solid","Gold","18-35","Summer","49.0","Mixed","","","","","Princess Polly","","","","","2026","https://us.princesspolly.com/products/kysa-off-shoulder-knit-top-gold"
"9014","Possie Layered Jersey Mini Dress Brown","Female","Dress","Solid","Red","18-35","Summer","65.0","Jersey","","","","","Princess Polly","","","","","2026","https://us.princesspolly.com/products/possie-layered-jersey-mini-dress-brown"
"9015","Magic Number Strapless Mini Dress Animal Floral","Female","Dress","Floral","Multicolor","18-35","Summer","65.0","Mixed","","","","","Princess Polly","","","","","2026","https://us.princesspolly.com/products/magic-number-strapless-mini-dress-animal-floral"
"9016","Skylor Sheer Off Shoulder Poncho Brown","Female","Shirt","Solid","Brown","18-35","Summer","49.0","Mixed","","","","","Princess Polly","","","","","2026","https://us.princesspolly.com/products/skylor-sheer-off-shoulder-poncho-brown"
"9017","Lunea Concealed Waistband Pants Navy","Female","Jeans","Solid","Navy","18-35","All","65.0","Mixed","","","","","Princess Polly","","","","","2026","https://us.princesspolly.com/products/lunea-concealed-waistband-pants-navy"
"9018","Sefina Bandage Halter Neck Top Aqua","Female","Shirt","Solid","Multicolor","18-35","Summer","55.0","Mixed","","","","","Princess Polly","","","","","2026","https://us.princesspolly.com/products/sefina-bandage-halter-neck-top-aqua"
"9019","Jesemia Halter Blouson Maxi Dress Blue","Female","Dress","Solid","Blue","18-35","Summer","99.0","Mixed","","","","","Princess Polly","","","","","2026","https://us.princesspolly.com/products/jesemia-halter-blouson-maxi-dress-blue"
"9020","Sidori Sheer Midi Skirt Jelly Mint","Female","Skirt","Solid","Mint","18-35","All","49.0","Mixed","","","","","Princess Polly","","","","","2026","https://us.princesspolly.com/products/sidori-sheer-midi-skirt-jelly-mint"
"9021","Keera Off Shoulder Ruched Mini Dress Butter","Female","Dress","Solid","Multicolor","18-35","Summer","65.0","Mixed","","","","","Princess Polly","","","","","2026","https://us.princesspolly.com/products/keera-off-shoulder-ruched-mini-dress-butter"
"9022","Kaidee Ruched Maxi Dress Jelly Mint","Female","Dress","Solid","Mint","18-35","Spring","89.0","Mixed","","","","","Princess Polly","","","","","2026","https://us.princesspolly.com/products/kaidee-ruched-maxi-dress-jelly-mint"
"9023","Maddalena Halter Mini Dress Chocolate","Female","Dress","Solid","Multicolor","18-35","Summer","69.0","Mixed","","","","","Princess Polly","","","","","2026","https://us.princesspolly.com/products/maddalena-halter-mini-dress-chocolate"
"9024","Antonie Strapless Textured Mini Dress Cream","Female","Dress","Solid","Red","18-35","Summer","65.0","Mixed","","","","","Princess Polly","","","","","2026","https://us.princesspolly.com/products/antonie-strapless-textured-mini-dress-cream"
"9025","Esperanza Halter Drape Mini Dress Blue","Female","Dress","Solid","Blue","18-35","Summer","69.0","Mixed","","","","","Princess Polly","","","","","2026","https://us.princesspolly.com/products/esperanza-halter-drape-mini-dress-blue"
"9026","Mankind Baggy Cargo Pants White","Female","Jeans","Solid","White","18-35","All","79.0","Mixed","","","","","Princess Polly","","","","","2026","https://us.princesspolly.com/products/mankind-baggy-cargo-pants-white"
"9218","Featherlight Pima Tee | White Signature-fit","Male","Shirt","Solid","White","18-35","All","58.0","Mixed","","","","","Cuts Clothing","","","","","2026","https://cutsclothing.com/products/featherweight-pima-tee-white"
"9219","Featherlight Pima Tee | Ocean Storm Signature-fit","Male","Shirt","Solid","Multicolor","18-35","All","58.0","Mixed","","","","","Cuts Clothing","","","","","2026","https://cutsclothing.com/products/featherweight-pima-tee-ocean-storm"
"9220","Featherlight Pima Tee | Nimbus Signature-fit","Male","Shirt","Solid","Multicolor","18-35","All","58.0","Mixed","","","","","Cuts Clothing","","","","","2026","https://cutsclothing.com/products/featherweight-pima-tee-nimbus"
"9221","Featherlight Pima Tee | Naples Blue Signature-fit","Male","Shirt","Solid","Blue","18-35","All","58.0","Mixed","","","","","Cuts Clothing","","","","","2026","https://cutsclothing.com/products/featherweight-pima-tee-naples-blue"
"9222","Featherlight Pima Tee | Clay Signature-fit","Male","Shirt","Solid","Multicolor","18-35","All","58.0","Mixed","","","","","Cuts Clothing","","","","","2026","https://cutsclothing.com/products/featherweight-pima-tee-clay"
"9223","AO Curve-Hem Tee | Cadet Blue Signature-Fit PYCA Pro?","Male","Shirt","Solid","Blue","18-35","All","38.0","Mixed","","","","","Cuts Clothing","","","","","2026","https://cutsclothing.com/products/ao-curve-hem-tee-cadet-blue"
"9225","Crossover Short Lined 7"" | Naples Blue Classic-fit","Male","Jeans","Solid","Blue","18-35","All","55.0","Mixed","","","","","Cuts Clothing","","","","","2026","https://cutsclothing.com/products/crossover-short-w-liner-naples-blue"
"9226","Crossover Short Unlined 7"" | Naples Blue","Male","Jeans","Solid","Blue","18-35","All","48.0","Mixed","","","","","Cuts Clothing","","","","","2026","https://cutsclothing.com/products/crossover-short-naples-blue"
"9227","Crossover Button Up | Nimbus Signature Fit","Male","Shirt","Solid","Multicolor","18-35","All","58.0","Mixed","","","","","CUTS CLOTHING","","","","","2026","https://cutsclothing.com/products/crossover-button-up-nimbus"
"9228","Crossover Button Up | Naples Blue Signature Fit","Male","Shirt","Solid","Blue","18-35","All","58.0","Mixed","","","","","CUTS CLOTHING","","","","","2026","https://cutsclothing.com/products/crossover-button-up-naples-blue"
"9229","AO Curve-Hem Tee | Naples Blue Signature-Fit PYCA Pro?","Male","Shirt","Solid","Blue","18-35","All","38.0","Mixed","","","","","Cuts Clothing","","","","","2026","https://cutsclothing.com/products/ao-curve-hem-tee-naples-blue"
"9230","AO Polo | Naples Blue Signature-fit PYCA Pro?","Male","Shirt","Solid","Blue","18-35","All","72.0","Mixed","","","","","Cuts Clothing","","","","","2026","https://cutsclothing.com/products/ao-polo-naples-blue"
"9231","AO Curve-Hem Tee | Nimbus Signature-fit PYCA Pro?","Male","Shirt","Solid","Multicolor","18-35","All","32.0","Mixed","","","","","Cuts Clothing","","","","","2026","https://cutsclothing.com/products/ao-curve-hem-tee-nimbus"
"9232","AO Curve-Hem Tee | Mercury Signature-Fit PYCA Pro?","Male","Shirt","Solid","Multicolor","18-35","All","38.0","Mixed","","","","","Cuts Clothing","","","","","2026","https://cutsclothing.com/products/ao-curve-hem-tee-mercury"
"9233","AO Polo | Nimbus Signature-fit PYCA Pro?","Male","Shirt","Solid","Multicolor","18-35","All","72.0","Mixed","","","","","Cuts Clothing","","","","","2026","https://cutsclothing.com/products/ao-polo-nimbus"
"9234","AO Forever Tee | Nimbus Classic-Fit PYCA Pro?","Male","Shirt","Solid","Multicolor","18-35","All","38.0","Mixed","","","","","Cuts Clothing","","","","","2026","https://cutsclothing.com/products/ao-forever-tee-nimbus"
"9235","Crossover Polo | Naples Blue Signature Fit","Male","Shirt","Solid","Blue","18-35","All","48.0","Mixed","","","","","Cuts Clothing","","","","","2026","https://cutsclothing.com/products/crossover-polo-naples-blue"
"9236","Crossover Polo | Nimbus Signature Fit","Male","Shirt","Solid","Multicolor","18-35","All","48.0","Mixed","","","","","Cuts Clothing","","","","","2026","https://cutsclothing.com/products/crossover-polo-nimbus"
"9237","Crossover Polo | Pacific Blue Signature Fit","Male","Shirt","Solid","Blue","18-35","All","48.0","Mixed","","","","","Cuts Clothing","","","","","2026","https://cutsclothing.com/products/crossover-polo-pacific-blue"
"9238","Crossover Tee | Nimbus Signature-Fit","Male","Shirt","Solid","Multicolor","18-35","All","38.0","Mixed","","","","","Cuts Clothing","","","","","2026","https://cutsclothing.com/products/crossover-tee-nimbus"
"9468","247 Oversized Hood - Jet Black","Male","Shirt","Solid","Black","18-35","Winter","165.0","Mixed","","","","","Represent","","","","","2026","https://representclo.com/products/247-oversized-hood-jet-black"
"9469","247 Oversized Tank - Jet Black","Male","Shirt","Solid","Black","18-35","Summer","85.0","Mixed","","","","","Represent","","","","","2026","https://representclo.com/products/247-oversized-tank-jet-black-1"
"9470","247 Oversized Tank - Flat White","Male","Shirt","Solid","White","18-35","Summer","85.0","Mixed","","","","","Represent","","","","","2026","https://representclo.com/products/247-oversized-tank-flat-white-1"
"9471","247 Oversized T-Shirt - Jet Black","Male","Shirt","Solid","Black","18-35","All","90.0","Mixed","","","","","Represent","","","","","2026","https://representclo.com/products/247-oversized-t-shirt-jet-black-1"
"9472","247 Dna Mesh Vest - Jet Black","Male","Shirt","Solid","Black","18-35","All","65.0","Mixed","","","","","Represent","","","","","2026","https://representclo.com/products/247-dna-mesh-vest-jet-black"
"9473","247 Oversized T-Shirt - Flat White","Male","Shirt","Solid","White","18-35","All","90.0","Mixed","","","","","Represent","","","","","2026","https://representclo.com/products/247-oversized-t-shirt-flat-white-1"
"9476","Private Members x 47 Cap - Washed Navy","Male","Accessories","Solid","Navy","18-35","All","100.0","Mixed","","","","","Represent","","","","","2026","https://representclo.com/products/private-members-x-47-cap-washed-navy"
"9479","Santa Monica x 47 Cap - Light Blue","Male","Accessories","Solid","Blue","18-35","All","100.0","Mixed","","","","","Represent","","","","","2026","https://representclo.com/products/santa-monica-x-47-cap-light-blue"
"9480","Cruz Short - Jet Black","Male","Shorts","Solid","Black","18-35","Summer","195.0","Mixed","","","","","Represent","","","","","2026","https://representclo.com/products/cruz-short-jet-black"
"9482","Westside T-Shirt - Flat White","Male","Shirt","Solid","White","18-35","All","165.0","Mixed","","","","","Represent","","","","","2026","https://representclo.com/products/westside-t-shirt-flat-white"
"9483","Santa Monica Flannel Shirt - Blush","Male","Shirt","Solid","Multicolor","18-35","Autumn","275.0","Mixed","","","","","Represent","","","","","2026","https://representclo.com/products/santa-monica-flannel-shirt-blush"
"9484","Westside T-Shirt - Stained Black","Male","Shirt","Solid","Black","18-35","All","165.0","Mixed","","","","","Represent","","","","","2026","https://representclo.com/products/westside-t-shirt-stained-black"
"9485","California Striped Knitted Polo - Jet Black","Male","Shirt","Striped","Black","18-35","Winter","210.0","Mixed","","","","","Represent","","","","","2026","https://representclo.com/products/california-striped-knitted-polo-jet-black"
"9486","Cruz Short - Beige","Male","Shorts","Solid","Beige","18-35","Summer","195.0","Mixed","","","","","Represent","","","","","2026","https://representclo.com/products/cruz-short-beige"
"9487","Camo Cargo Short - Camo","Male","Shorts","Camouflage","Multicolor","18-35","Summer","230.0","Mixed","","","","","Represent","","","","","2026","https://representclo.com/products/camo-cargo-short-camo"
"9488","Painted Denim - Coastal Blue","Male","Jeans","Solid","Blue","18-35","All","270.0","Denim","","","","","Represent","","","","","2026","https://representclo.com/products/painted-denim-coastal-blue"
"9489","Busy Doing Nothing Denim Short - Dusty Blue","Male","Shorts","Solid","Blue","18-35","Summer","220.0","Denim","","","","","Represent","","","","","2026","https://representclo.com/products/busy-doing-nothing-denim-short-dusty-blue"
"9491","Busy Doing Nothing T-Shirt - Flat White","Male","Shirt","Solid","White","18-35","All","150.0","Mixed","","","","","Represent","","","","","2026","https://representclo.com/products/busy-doing-nothing-t-shirt-flat-white"
"9492","Long Sleeve Slub Knit T-Shirt - Flat White","Male","Shirt","Solid","White","18-35","Winter","205.0","Mixed","","","","","Represent","","","","","2026","https://representclo.com/products/long-sleeve-slub-knit-t-shirt-flat-white"
"9493","Private Members T-Shirt - Flat White","Male","Shirt","Solid","White","18-35","All","150.0","Mixed","","","","","Represent","","","","","2026","https://representclo.com/products/private-members-t-shirt-flat-white"
"9967","JASPER SHIRT - SHORT SLEEVE","Male","Shirt","Solid","Multicolor","18-35","All","65.0","Mixed","","","","","ThreadC","","","","","2026","https://www.frankandoak.com/products/mens-woven-shirt-sand-dune-stripe-2mwc001fe-gsand"
"9969","HEMP HERRINGBONE OVERSHIRT","Male","Shirt","Solid","Multicolor","18-35","All","89.0","Mixed","","","","","ThreadC","","","","","2026","https://www.frankandoak.com/products/mens-woven-shirt-moonstruck-2mwc0042fe-moonl"
"9970","HEMP HERRINGBONE SHORT","Male","Shorts","Solid","Multicolor","18-35","Summer","79.0","Mixed","","","","","ThreadC","","","","","2026","https://www.frankandoak.com/products/mens-woven-pants-moonstruck-2mws0008fe-moonl"
"9971","WORKSHOP SHORT","Male","Shorts","Solid","Multicolor","18-35","Summer","89.0","Mixed","","","","","ThreadC","","","","","2026","https://www.frankandoak.com/products/mens-woven-shorts-black-2mws006fe-bla"
"9972","ESSENTIAL CHINO SHORT","Male","Shorts","Solid","Multicolor","18-35","Summer","79.0","Mixed","","","","","ThreadC","","","","","2026","https://www.frankandoak.com/products/mens-woven-shorts-meadow-mist-2mws004fe-mtmist"
"9977","JASPER SHIRT ? LONG SLEEVE","Male","Shirt","Solid","Multicolor","18-35","All","75.0","Mixed","","","","","ThreadC","","","","","2026","https://www.frankandoak.com/products/mens-woven-shirt-trailstone-2mwc002fe-dese"
"9978","ENGINEERED STRIPE JOHNNY COLLAR POLO","Male","Shirt","Striped","Red","18-35","All","98.0","Mixed","","","","","ThreadC","","","","","2026","https://www.frankandoak.com/products/mens-knit-t-shirt-pebble-khaki-2mkt013fe-ekha"
"9980","DROP-NEEDLE KNIT SHIRT","Male","Shirt","Solid","Multicolor","18-35","Winter","109.0","Mixed","","","","","ThreadC","","","","","2026","https://www.frankandoak.com/products/mens-knit-t-shirt-trailstone-2mkt012fe-dese"
"9982","PIQUE HENLEY","Male","Shirt","Solid","Multicolor","18-35","All","65.0","Mixed","","","","","ThreadC","","","","","2026","https://www.frankandoak.com/products/mens-knit-t-shirt-classic-navy-2mkt011fe-dcnavy"
"9984","RELAXED HEMP TEE","Male","Shirt","Solid","Multicolor","18-35","All","45.0","Mixed","","","","","ThreadC","","","","","2026","https://www.frankandoak.com/products/mens-knit-t-shirt-white-2mkt010fe-wht"
"9987","ESSENTIAL RIBBED TANK","Male","Shirt","Solid","Multicolor","18-35","Summer","30.0","Mixed","","","","","ThreadC","","","","","2026","https://www.frankandoak.com/products/mens-knit-t-shirt-white-2mkt009fe-wht"
"9989","BOXY TEXTURED KNIT TEE","Male","Shirt","Solid","Red","18-35","Winter","65.0","Mixed","","","","","ThreadC","","","","","2026","https://www.frankandoak.com/products/mens-knit-t-shirt-steel-blue-2mkt005fe-ste"
"10048","Ultra Baggy Cargo Sweatpants - Off White","Male","Jeans","Solid","White","18-35","All","68.0","Mixed","","","","","mnml","","","","","2026","https://www.mnml.la/products/mnml-bottoms-ultra-baggy-cargo-sweatpants-m2026-w816-owt"
"10049","Ultra Baggy Cargo Sweatpants - Washed Navy","Male","Jeans","Solid","Navy","18-35","All","68.0","Mixed","","","","","mnml","","","","","2026","https://www.mnml.la/products/mnml-bottoms-ultra-baggy-cargo-sweatpants-m2026-w816-wny"
"10050","Ultra Baggy Cargo Sweatpants - Vintage Black","Male","Jeans","Solid","Black","18-35","All","68.0","Mixed","","","","","mnml","","","","","2026","https://www.mnml.la/products/mnml-bottoms-ultra-baggy-cargo-sweatpants-m2026-w816-vbk"
"10051","Ultra Baggy Cargo Sweatpants - Washed Black","Male","Jeans","Solid","Black","18-35","All","68.0","Mixed","","","","","mnml","","","","","2026","https://www.mnml.la/products/mnml-bottoms-ultra-baggy-cargo-sweatpants-m2026-w816-wbk"
"10052","Extra Long Sweatshorts - Off White","Male","Jeans","Solid","White","18-35","Summer","64.0","Mixed","","","","","mnml","","","","","2026","https://www.mnml.la/products/mnml-bottoms-extra-long-sweatshorts-m2026-y796-owt"
"10053","Extra Long Sweatshorts - Washed Navy","Male","Jeans","Solid","Navy","18-35","Summer","64.0","Mixed","","","","","mnml","","","","","2026","https://www.mnml.la/products/mnml-bottoms-extra-long-sweatshorts-m2026-y796-wny"
"10054","Extra Long Sweatshorts - Vintage Black","Male","Jeans","Solid","Black","18-35","Summer","64.0","Mixed","","","","","mnml","","","","","2026","https://www.mnml.la/products/mnml-bottoms-extra-long-sweatshorts-m2026-y796-vbk"
"10055","Extra Long Sweatshorts - Washed Black","Male","Jeans","Solid","Black","18-35","Summer","64.0","Mixed","","","","","mnml","","","","","2026","https://www.mnml.la/products/mnml-bottoms-extra-long-sweatshorts-m2026-y796-wbk"
"10056","Layered Thermal L/S Tee - Off White","Male","Shirt","Solid","White","18-35","Winter","48.0","Mixed","","","","","mnml","","","","","2026","https://www.mnml.la/products/mnml-tops-layered-thermal-l-s-tee-m2026-l677-owt"
"10057","Layered Thermal L/S Tee - Washed Navy","Male","Shirt","Solid","Navy","18-35","Winter","48.0","Mixed","","","","","mnml","","","","","2026","https://www.mnml.la/products/mnml-tops-layered-thermal-l-s-tee-m2026-l677-wny"
"10058","Layered Thermal L/S Tee - Vintage Black","Male","Shirt","Solid","Black","18-35","Winter","48.0","Mixed","","","","","mnml","","","","","2026","https://www.mnml.la/products/mnml-tops-layered-thermal-l-s-tee-m2026-l677-vbk"
"10059","Layered Thermal L/S Tee - Washed Black","Male","Shirt","Solid","Black","18-35","Winter","48.0","Mixed","","","","","mnml","","","","","2026","https://www.mnml.la/products/mnml-tops-layered-thermal-l-s-tee-m2026-l677-wbk"
"10060","Cut Off Tee - Washed Navy","Male","Shirt","Solid","Navy","18-35","All","32.0","Mixed","","","","","mnml","","","","","2026","https://www.mnml.la/products/mnml-tops-cut-off-tee-m2026-t403-wny"
"10061","Cut Off Tee - Off White","Male","Shirt","Solid","White","18-35","All","32.0","Mixed","","","","","mnml","","","","","2026","https://www.mnml.la/products/mnml-tops-cut-off-tee-m2026-t403-owt"
"10062","Cut Off Tee - Vintage Black","Male","Shirt","Solid","Black","18-35","All","32.0","Mixed","","","","","mnml","","","","","2026","https://www.mnml.la/products/mnml-tops-cut-off-tee-m2026-t403-vbk"
"10063","Cut Off Tee - Washed Black","Male","Shirt","Solid","Black","18-35","All","32.0","Mixed","","","","","mnml","","","","","2026","https://www.mnml.la/products/mnml-tops-cut-off-tee-m2026-t403-wbk"
"10064","Fractured Tee - Washed Black","Male","Shirt","Solid","Black","18-35","All","48.0","Mixed","","","","","mnml","","","","","2026","https://www.mnml.la/products/mnml-tops-fractured-tee-m2026-t813-wbk"
"10065","Stuck With Me Cut Off Tee - Off White","Male","Shirt","Solid","White","18-35","All","48.0","Mixed","","","","","mnml","","","","","2026","https://www.mnml.la/products/mnml-tops-stuck-with-me-cut-off-tee-m2026-t808-owt"
"10066","Ultra Baggy Paneled Chino Shorts - Black","Male","Jeans","Solid","Black","18-35","Summer","68.0","Mixed","","","","","mnml","","","","","2026","https://www.mnml.la/products/mnml-bottoms-ultra-baggy-paneled-chino-shorts-m2026-v831-blk"
"10067","Ultra Baggy Paneled Chino Shorts - Khaki","Male","Jeans","Solid","Khaki","18-35","Summer","68.0","Mixed","","","","","mnml","","","","","2026","https://www.mnml.la/products/mnml-bottoms-ultra-baggy-paneled-chino-shorts-m2026-v831-kha"
"10068","Mini Stripe S/S Rugby Shirt - Brown","Male","Shirt","Striped","Brown","18-35","Summer","54.0","Mixed","","","","","mnml","","","","","2026","https://www.mnml.la/products/mnml-tops-mini-stripe-s-s-rugby-shirt-m2026-f799-bro"
"10069","Big Stripe S/S Rugby Shirt - Blue","Male","Shirt","Striped","Blue","18-35","All","54.0","Mixed","","","","","mnml","","","","","2026","https://www.mnml.la/products/mnml-tops-big-stripe-s-s-rugby-shirt-m2026-f798-blu"
"10070","Baby Henley Tee - White","Male","Shirt","Solid","White","18-35","All","28.0","Mixed","","","","","mnml","","","","","2026","https://www.mnml.la/products/mnml-tops-baby-henly-tee-m2026-t797-wht"
"10071","Baby Henley Tee - Black","Male","Shirt","Solid","Black","18-35","All","28.0","Mixed","","","","","mnml","","","","","2026","https://www.mnml.la/products/mnml-tops-baby-henly-tee-m2026-t797-blk"
"10072","Striped L/s Polo Shirt - Multi","Male","Shirt","Striped","Multicolor","18-35","All","58.0","Mixed","","","","","mnml","","","","","2026","https://www.mnml.la/products/mnml-tops-striped-l-s-polo-shirt-m2026-f785-mul"
"10073","Too Late Tee - Washed Black","Male","Shirt","Solid","Black","18-35","All","48.0","Mixed","","","","","mnml","","","","","2026","https://www.mnml.la/products/mnml-tops-too-late-tee-m2026-t803-wbk"
"10298","MICHELLE SKORT - WHITE","Female","Skirt","Solid","White","18-35","All","65.0","Mixed","","","","","I AM GIA","","","","","2026","https://www.iamgia.com/products/michelle-skort-white"
"10299","MICHELLE BOOB TUBE - WHITE","Female","Shirt","Solid","White","18-35","All","59.0","Mixed","","","","","I AM GIA","","","","","2026","https://www.iamgia.com/products/michelle-boob-tube-white"
"10302","SERENA HAT - WHITE","Female","Accessories","Solid","White","18-35","All","45.0","Mixed","","","","","I AM GIA","","","","","2026","https://www.iamgia.com/products/serena-hat-white"
"10303","SERENA HAT - RED","Female","Accessories","Solid","Red","18-35","All","45.0","Mixed","","","","","I AM GIA","","","","","2026","https://www.iamgia.com/products/serena-hat-red"
"10316","BLARE SPORT TRACKPANT - NAVY","Female","Jeans","Solid","Navy","18-35","All","85.0","Mixed","","","","","I AM GIA","","","","","2026","https://www.iamgia.com/products/blare-sport-trackpant-navy"
"10317","BLARE SPORT TRACKPANT - GREEN","Female","Jeans","Solid","Green","18-35","All","85.0","Mixed","","","","","I AM GIA","","","","","2026","https://www.iamgia.com/products/blare-sport-trackpant-green"
"10496","Cropped Pinstripe Main Character Full Zip Jacket - Black/Titanium","Female","Jacket","Striped","Black","18-35","Summer","238.0","Mixed","","","","","Alo Yoga","","","","","2026","https://aloyoga.com/products/w4706r-cropped-pinstripe-main-character-black-titanium"
"10499","Airlift High-Waist 7/8 Line Up Legging - Smoky Quartz","Female","Activewear","Solid","Multicolor","18-35","All","115.0","Mixed","","","","","Alo Yoga","","","","","2026","https://aloyoga.com/products/w51154r-airlift-high-waist-7-8-line-up-legging-smoky-quartz"
"10502","Origin Full-Zip Track Jacket - Navy/Black","Female","Jacket","Solid","Black","18-35","All","198.0","Mixed","","","","","Alo Yoga","","","","","2026","https://aloyoga.com/products/w4656r-origin-full-zip-track-jacket-navy-black"
"10503","Waffle Weekend Escape Bra - Black","Female","Activewear","Solid","Black","18-35","All","54.0","Mixed","","","","","Alo Yoga","","","","","2026","https://aloyoga.com/products/w9721r-waffle-weekend-escape-bra-black"
"10505","Airbrush Race Pace Short Sleeve - Black/White","Female","Shirt","Solid","Black","18-35","All","88.0","Mixed","","","","","Alo Yoga","","","","","2026","https://aloyoga.com/products/w1500r-airbrush-race-pace-short-sleeve-black-white"
"10506","Alosoft Sweet Talker Tank - White","Female","Shirt","Solid","White","18-35","Summer","58.0","Mixed","","","","","Alo Yoga","","","","","2026","https://aloyoga.com/products/w2775r-alosoft-sweet-talker-tank-white"
"10509","Open-Knit Polo - Espresso","Female","Shirt","Solid","Multicolor","18-35","Winter","128.0","Mixed","","","","","Alo Yoga","","","","","2026","https://aloyoga.com/products/m1229r-open-knit-polo-espresso"
"10512","Ribbed Mesmerize Long Sleeve - Taupe","Female","Shirt","Solid","Multicolor","18-35","All","70.0","Mixed","","","","","Alo Yoga","","","","","2026","https://aloyoga.com/products/w3869r-ribbed-mesmerize-long-sleeve-taupe"
"10513","Airbrush High-Waist 7/8 Bootcut Legging - Charcoal Green","Female","Activewear","Solid","Green","18-35","All","89.0","Mixed","","","","","Alo Yoga","","","","","2026","https://aloyoga.com/products/w51119r-airbrush-high-waist-7-8-bootcut-legging-charcoal-green"
"10514","Conquer Reform Crewneck Short Sleeve - Mushroom","Female","Shirt","Solid","Multicolor","18-35","Winter","54.0","Mixed","","","","","Alo Yoga","","","","","2026","https://aloyoga.com/products/m1205r-conquer-reform-crewneck-short-sleeve-mushroom"
"10515","Breezy Wide Leg Pant (Long) - Navy","Female","Jeans","Solid","Navy","18-35","Summer","158.0","Mixed","","","","","Alo Yoga","","","","","2026","https://aloyoga.com/products/w54163r-breezy-wide-leg-pant-navy"
"10516","7/8 High-Waist Airbrush Legging - Spearmint","Female","Activewear","Solid","Mint","18-35","All","94.0","Mixed","","","","","Alo Yoga","","","","","2026","https://aloyoga.com/products/w5604r-7-8-high-waist-airbrush-legging-spearmint"
"10517","7/8 High-Waist Airlift Legging - Celestial Blue","Female","Activewear","Solid","Blue","18-35","All","93.0","Mixed","","","","","Alo Yoga","","","","","2026","https://aloyoga.com/products/w5766r-7-8-high-waist-airlift-legging-celestial-blue"
"10518","Airlift High-Waist Suit Up Legging - Spruce Green/White","Female","Activewear","Solid","White","18-35","All","115.0","Mixed","","","","","Alo Yoga","","","","","2026","https://aloyoga.com/products/w51428r-airlift-high-waist-suit-up-legging-spruce-green-white"
"11123","Men's NOBULL Training Short 8"" (Unlined)","Male","Shirt","Solid","Multicolor","18-35","All","60.0","Mixed","","","","","NoBull","","","","","2026","https://www.nobullproject.com/products/mens-nobull-training-short-8-unlined-surf-u-graphic"
"11127","Men's NOBULL Training Short 6"" (Unlined)","Male","Shirt","Solid","Multicolor","18-35","All","60.0","Mixed","","","","","NoBull","","","","","2026","https://www.nobullproject.com/products/mens-nobull-training-short-6-unlined-surf-u-graphic"
"11131","Men's NOBULL Training Short 6"" (Lined)","Male","Shirt","Solid","Multicolor","18-35","All","60.0","Mixed","","","","","NoBull","","","","","2026","https://www.nobullproject.com/products/mens-nobull-training-short-6-lined-midnight-u-graphic"
"11135","Men's NOBULL Mixed Assortment 3 Pack - Charcoal Heather","Male","Other","Solid","Multicolor","18-35","All","80.0","Mixed","","","","","NoBull","","","","","2026","https://www.nobullproject.com/products/mens-nobull-mixed-assortment-3-pack-charcoal-heather"
"11136","Women's Outwork High-Top","Female","Shoes","Solid","Multicolor","18-35","All","170.0","Mixed","","","","","NoBull","","","","","2026","https://www.nobullproject.com/products/womens-black-white-gum-outwork-high-top"
"11137","Men's Outwork High-Top","Male","Shoes","Solid","Multicolor","18-35","All","170.0","Mixed","","","","","NoBull","","","","","2026","https://www.nobullproject.com/products/mens-black-white-gum-outwork-high-top"
"11502","FLEX Stretchy Mom Jean Short (Dark Americana)","Female","Shorts","Solid","Multicolor","18-35","Summer","55.0","Mixed","","","","","Born Primitive","","","","","2026","https://www.bornprimitive.com/products/flex-stretchy-mom-jean-short-dark-americana"
"11503","FLEX Stretchy Jort 7"" (Dark Americana)","Female","Shorts","Solid","Multicolor","18-35","Summer","55.0","Mixed","","","","","Born Primitive","","","","","2026","https://www.bornprimitive.com/products/flex-stretchy-jort-7-dark-americana"
"11504","FLEX Stretchy Jort 7"" (Ash Americana)","Female","Shorts","Solid","Multicolor","18-35","Summer","55.0","Mixed","","","","","Born Primitive","","","","","2026","https://www.bornprimitive.com/products/flex-stretchy-jort-7-ash-americana"
"11505","FLEX Stretchy Jean Short (Light Americana)","Female","Shorts","Solid","Multicolor","18-35","Summer","55.0","Mixed","","","","","Born Primitive","","","","","2026","https://www.bornprimitive.com/products/flex-stretchy-jean-short-light-americana"
"11506","FLEX Stretchy Jean Short (Dark Americana)","Female","Shorts","Solid","Multicolor","18-35","Summer","55.0","Mixed","","","","","Born Primitive","","","","","2026","https://www.bornprimitive.com/products/flex-stretchy-jean-short-dark-americana"
"11743","Cargo Track Pant - Snow Marl","Male","Activewear","Solid","Multicolor","18-35","All","95.0","Mixed","","","","","Ryderwear","","","","","2026","https://www.ryderwear.com/products/cargo-track-pant-snow-marl"
"11750","Boost Seamless Leggings - Alpine","Female","Activewear","Solid","Multicolor","18-35","All","89.0","Mixed","","","","","Ryderwear","","","","","2026","https://www.ryderwear.com/products/boost-seamless-leggings-alpine"
"11751","Boost Seamless Leggings - Fairy Floss","Female","Activewear","Solid","Multicolor","18-35","All","89.0","Mixed","","","","","Ryderwear","","","","","2026","https://www.ryderwear.com/products/boost-seamless-leggings-fairy-floss"
"11752","Boost Seamless Leggings - Sky Blue","Female","Activewear","Solid","Blue","18-35","All","89.0","Mixed","","","","","Ryderwear","","","","","2026","https://www.ryderwear.com/products/boost-seamless-leggings-sky-blue"
"11753","Boost Seamless Leggings - Lemon Lime","Female","Activewear","Solid","Multicolor","18-35","All","89.0","Mixed","","","","","Ryderwear","","","","","2026","https://www.ryderwear.com/products/boost-seamless-leggings-lemon-lime"
"11754","Boost Seamless Leggings - Graphite","Female","Activewear","Solid","Multicolor","18-35","All","89.0","Mixed","","","","","Ryderwear","","","","","2026","https://www.ryderwear.com/products/boost-seamless-leggings-graphite"
"11755","Boost Seamless Leggings - Wine","Female","Activewear","Solid","Multicolor","18-35","All","89.0","Mixed","","","","","Ryderwear","","","","","2026","https://www.ryderwear.com/products/boost-seamless-leggings-wine"
"11756","Boost Off The Shoulder Crop - Black","Female","Activewear","Solid","Black","18-35","Summer","52.0","Mixed","","","","","Ryderwear","","","","","2026","https://www.ryderwear.com/products/boost-off-the-shoulder-crop-black"
"11757","Contour Seamless Leggings - Berry Marl","Female","Activewear","Solid","Multicolor","18-35","All","62.0","Mixed","","","","","Ryderwear","","","","","2026","https://www.ryderwear.com/products/contour-seamless-leggings-berry-marl"
"11758","Lift 2.0 BBL Seamless Leggings - Navy","Female","Activewear","Solid","Navy","18-35","All","62.0","Mixed","","","","","Ryderwear","","","","","2026","https://www.ryderwear.com/products/lift-2-0-bbl-seamless-leggings-navy"
"11763","Stonewash Seamless Sports Bra - Pink Stonewash","Female","Activewear","Solid","Pink","18-35","All","46.0","Mixed","","","","","Ryderwear","","","","","2026","https://www.ryderwear.com/products/stonewash-seamless-sports-bra-pink-stonewash"
"11765","Focus Scrunch Seamless Leggings - Hot Pink Marl","Female","Activewear","Solid","Pink","18-35","All","26.0","Mixed","","","","","Ryderwear","","","","","2026","https://www.ryderwear.com/products/focus-scrunch-seamless-leggings-hot-pink-marl"
"11767","Soft Tech Slim Fit Tank - Grey Marl","Male","Activewear","Solid","Grey","18-35","Summer","50.0","Mixed","","","","","Ryderwear","","","","","2026","https://www.ryderwear.com/products/soft-tech-slim-fit-tank-grey-marl"
"11996","Performance Locked Laces","Female","Other","Solid","Multicolor","18-35","Spring","20.0","Mixed","","","","","2XU","","","","","2026","https://www.2xu.com/products/performance-locked-laces-ua1855g-unisex-white-white"
"11998","Fluid Asymmetric Bra","Female","Shirt","Solid","Multicolor","18-35","Summer","48.99","Mixed","","","","","2XU","","","","","2026","https://www.2xu.com/products/fluid-asymmetric-bra-wr7564a-blackblack"
"12009","Signature Soft Jersey Long Sleeve","Male","Shirt","Solid","Multicolor","18-35","All","60.0","Jersey","","","","","2XU","","","","","2026","https://www.2xu.com/products/signature-soft-jersey-long-sleeve-mr7590a-midnightmidnight"
"12010","Aero Hex Windbreaker","Male","Jacket","Solid","Multicolor","18-35","All","140.0","Mixed","","","","","2XU","","","","","2026","https://www.2xu.com/products/aero-hex-windbreaker-mr7518a-blacksilver-reflective"
"12012","Light Speed Kinesis Compression Tights","Male","Activewear","Solid","Multicolor","18-35","All","170.0","Mixed","","","","","2XU","","","","","2026","https://www.2xu.com/products/light-speed-kinesis-compression-tights-ma7626b-blackblack"
"12013","Light Speed Kinesis Hi-Rise Compression Tights","Male","Activewear","Solid","Multicolor","18-35","All","170.0","Mixed","","","","","2XU","","","","","2026","https://www.2xu.com/products/light-speed-kinesis-hirise-compression-tights-wa7627b-blackblack"
"9002","Amadea Tie Detail Shoulder Bag Pink","Female","Accessories","Solid","Pink","18-35","All","55.0","Mixed","","","","","Princess Polly","","","","","2026","https://us.princesspolly.com/products/amadea-tie-detail-shoulder-bag-pink"
"9010","Belvani Micro Shorts Brown / Paisley","Female","Shorts","Solid","Brown","18-35","Summer","65.0","Mixed","","","","","Princess Polly","","","","","2026","https://us.princesspolly.com/products/belvani-micro-shorts-brown-paisley"
"9722","Topper Flat Laces - Natural White","Female","Accessories","Solid","White","18-35","Spring","3.0","Mixed","","","","","Allbirds","","","","","2026","https://www.allbirds.com/products/topper-flat-laces-natural-white"
"9723","Topper Flat Laces - Natural Black","Female","Accessories","Solid","Black","18-35","Spring","3.0","Mixed","","","","","Allbirds","","","","","2026","https://www.allbirds.com/products/topper-flat-laces-natural-black"
"9741","Skipper Flat Laces - Natural White","Female","Accessories","Solid","White","18-35","Spring","3.0","Mixed","","","","","Allbirds","","","","","2026","https://www.allbirds.com/products/skipper-flat-laces-natural-white"
"9742","Skipper Flat Laces - Natural Black","Female","Accessories","Solid","Black","18-35","Spring","3.0","Mixed","","","","","Allbirds","","","","","2026","https://www.allbirds.com/products/skipper-flat-laces-natural-black"
"10300","NOVIA SPORT HEADBAND - NAVY","Female","Accessories","Solid","Navy","18-35","All","15.0","Mixed","","","","","I AM GIA","","","","","2026","https://www.iamgia.com/products/novia-sport-headband-navy"
"10301","NOVIA SPORT HEADBAND - WHITE","Female","Accessories","Solid","White","18-35","All","15.0","Mixed","","","","","I AM GIA","","","","","2026","https://www.iamgia.com/products/novia-sport-headband-white"
"10304","NOVIA SPORT HEADBAND - RED","Female","Accessories","Solid","Red","18-35","All","15.0","Mixed","","","","","I AM GIA","","","","","2026","https://www.iamgia.com/products/novia-sport-headband-red"
"10305","NOVIA MICRO SPORT SHORT - WHITE","Female","Shorts","Solid","White","18-35","Summer","65.0","Mixed","","","","","I AM GIA","","","","","2026","https://www.iamgia.com/products/novia-micro-sport-short-white"
"10306","NOVIA MICRO SPORT SHORT - RED","Female","Shorts","Solid","Red","18-35","Summer","65.0","Mixed","","","","","I AM GIA","","","","","2026","https://www.iamgia.com/products/novia-micro-sport-short-red"
"10307","NOVIA MICRO SPORT SHORT - NAVY","Female","Shorts","Solid","Navy","18-35","Summer","65.0","Mixed","","","","","I AM GIA","","","","","2026","https://www.iamgia.com/products/novia-micro-sport-short-navy"
"10308","NOVIA LACE-UP T-SHIRT AND HEADBAND - WHITE","Female","Shirt","Solid","White","18-35","Spring","75.0","Mixed","","","","","I AM GIA","","","","","2026","https://www.iamgia.com/products/novia-two-piece-lace-up-t-shirt-white"
"10309","NOVIA LACE-UP T-SHIRT AND HEADBAND - RED","Female","Shirt","Solid","Red","18-35","Spring","75.0","Mixed","","","","","I AM GIA","","","","","2026","https://www.iamgia.com/products/novia-two-piece-lace-up-t-shirt-red"
"10310","NOVIA LACE-UP T-SHIRT AND HEADBAND - NAVY","Female","Shirt","Solid","Navy","18-35","Spring","75.0","Mixed","","","","","I AM GIA","","","","","2026","https://www.iamgia.com/products/novia-two-piece-lace-up-t-shirt-navy"
"10311","BLARE V-NECK TOP AND HEADBAND - YELLOW","Female","Shirt","Solid","Yellow","18-35","All","65.0","Mixed","","","","","I AM GIA","","","","","2026","https://www.iamgia.com/products/blare-two-piece-v-neck-top-yellow"
"10312","BLARE VARSITY MICRO SKORT - GREEN","Female","Skirt","Solid","Green","18-35","All","65.0","Mixed","","","","","I AM GIA","","","","","2026","https://www.iamgia.com/products/blare-varsity-micro-skort-green"
"10313","BLARE VARSITY MICRO SKORT - BABY BLUE","Female","Skirt","Solid","Blue","18-35","All","65.0","Mixed","","","","","I AM GIA","","","","","2026","https://www.iamgia.com/products/blare-varsity-micro-skort-baby-blue"
"10314","BLARE SPORT CROP TEE AND HEADBAND - CRIMSON","Female","Shirt","Solid","Multicolor","18-35","Summer","49.0","Mixed","","","","","I AM GIA","","","","","2026","https://www.iamgia.com/products/blare-two-piece-sport-crop-tee-crimson"
"10315","BLARE SPORT CROP TEE AND HEADBAND - BABY BLUE","Female","Shirt","Solid","Blue","18-35","Summer","49.0","Mixed","","","","","I AM GIA","","","","","2026","https://www.iamgia.com/products/blare-two-piece-sport-crop-tee-baby-blue"
"10318","BLARE SPORT HOODIE AND HEADBAND - NAVY","Female","Jacket","Solid","Navy","18-35","Winter","79.0","Mixed","","","","","I AM GIA","","","","","2026","https://www.iamgia.com/products/blare-sport-hoodie-navy"
"10319","BLARE SPORT HOODIE AND HEADBAND - GREEN","Female","Jacket","Solid","Green","18-35","Winter","79.0","Mixed","","","","","I AM GIA","","","","","2026","https://www.iamgia.com/products/blare-sport-hoodie-green"
"10320","BLARE SPORT HEADBAND - YELLOW","Female","Accessories","Solid","Yellow","18-35","All","15.0","Mixed","","","","","I AM GIA","","","","","2026","https://www.iamgia.com/products/blare-sport-headband-yellow"
"10321","BLARE SPORT HEADBAND - CRIMSON","Female","Accessories","Solid","Multicolor","18-35","All","15.0","Mixed","","","","","I AM GIA","","","","","2026","https://www.iamgia.com/products/blare-sport-headband-crimson"
"10322","BLARE SPORT HEADBAND - NAVY","Female","Accessories","Solid","Navy","18-35","All","15.0","Mixed","","","","","I AM GIA","","","","","2026","https://www.iamgia.com/products/blare-sport-headband-navy"
"10323","BLARE SPORT HEADBAND - GREEN","Female","Accessories","Solid","Green","18-35","All","15.0","Mixed","","","","","I AM GIA","","","","","2026","https://www.iamgia.com/products/blare-sport-headband-green"
"10496","Airbrush High-Waist Heart Throb Legging - Winter Frost/White","Female","Activewear","Solid","White","18-35","Winter","134.0","Mixed","","","","","Alo Yoga","","","","","2026","https://aloyoga.com/products/w51298r-airbrush-high-waist-heart-throb-legging-winter-frost-white"
"10497","Airlift Suit Up Bra - Burgundy Truffle/Black","Female","Activewear","Solid","Black","18-35","Spring","61.0","Mixed","","","","","Alo Yoga","","","","","2026","https://aloyoga.com/products/w9780r-airlift-suit-up-bra-burgundy-truffle-black"
"10498","Accolade Crew Neck Pullover - Candlelight Yellow","Female","Jacket","Solid","Yellow","18-35","Winter","138.0","Mixed","","","","","Alo Yoga","","","","","2026","https://aloyoga.com/products/u3031rg-accolade-crew-neck-pullover-candlelight-yellow"
"10500","Bae Hoodie - Spruce Green","Female","Shirt","Solid","Green","18-35","Winter","78.0","Mixed","","","","","Alo Yoga","","","","","2026","https://aloyoga.com/products/w3814r-bae-hoodie-spruce-green"
"10502","Aspire Tank - Light Cocoa/White","Female","Shirt","Solid","White","18-35","Summer","68.0","Mixed","","","","","Alo Yoga","","","","","2026","https://aloyoga.com/products/w2675rg-aspire-tank-light-cocoa-white"
"10504","Alumni Short - Seashell Blue","Female","Shorts","Solid","Blue","18-35","Summer","78.0","Mixed","","","","","Alo Yoga","","","","","2026","https://aloyoga.com/products/w6273r-alumni-short-seashell-blue"
"10509","High-Waist Dreamscape Short - Semi Sheer White","Female","Shorts","Solid","White","18-35","Summer","98.0","Mixed","","","","","Alo Yoga","","","","","2026","https://aloyoga.com/products/w6520r-high-waist-dreamscape-short-semi-sheer-white"
"10510","High-Waist Dreamscape Short - Lunar Grey","Female","Shorts","Solid","Grey","18-35","Summer","98.0","Mixed","","","","","Alo Yoga","","","","","2026","https://aloyoga.com/products/w6520r-high-waist-dreamscape-short-lunar-grey"
"10512","Match Point Short - Taupe","Female","Shorts","Solid","Multicolor","18-35","Summer","62.0","Mixed","","","","","Alo Yoga","","","","","2026","https://aloyoga.com/products/w6334r-match-point-short-taupe"
"10520","Accolade Crew Neck Pullover - Macadamia","Female","Jacket","Solid","Multicolor","18-35","Winter","138.0","Mixed","","","","","Alo Yoga","","","","","2026","https://aloyoga.com/products/u3031rg-accolade-crew-neck-pullover-macadamia-mens"
"11138","NOBULL Gym Bag","Male","Accessories","Solid","Multicolor","18-35","All","120.0","Mixed","","","","","NoBull","","","","","2026","https://www.nobullproject.com/products/nobull-gym-bag-white"
"11144","NOBULL Crossbody Bag","Male","Accessories","Solid","Multicolor","18-35","All","35.0","Mixed","","","","","NoBull","","","","","2026","https://www.nobullproject.com/products/nobull-crossbody-bag-white"
"11742","NKD Refine High Waisted Shorts - Dusty Pink","Female","Activewear","Solid","Pink","18-35","Summer","23.0","Mixed","","","","","Ryderwear","","","","","2026","https://www.ryderwear.com/products/nkd-refine-high-waisted-shorts-dusty-pink"
"11744","Boost Seamless Shorts - Alpine","Female","Activewear","Solid","Multicolor","18-35","Summer","69.0","Mixed","","","","","Ryderwear","","","","","2026","https://www.ryderwear.com/products/boost-seamless-shorts-alpine"
"11745","Boost Seamless Shorts - Fairy Floss","Female","Activewear","Solid","Multicolor","18-35","Summer","69.0","Mixed","","","","","Ryderwear","","","","","2026","https://www.ryderwear.com/products/boost-seamless-shorts-fairy-floss"
"11746","Boost Seamless Shorts - Lemon Lime","Female","Activewear","Solid","Multicolor","18-35","Summer","69.0","Mixed","","","","","Ryderwear","","","","","2026","https://www.ryderwear.com/products/boost-seamless-shorts-lemon-lime"
"11747","Boost Seamless Shorts - Sky Blue","Female","Activewear","Solid","Blue","18-35","Summer","69.0","Mixed","","","","","Ryderwear","","","","","2026","https://www.ryderwear.com/products/boost-seamless-shorts-sky-blue"
"11748","Boost Seamless Shorts - Wine","Female","Activewear","Solid","Multicolor","18-35","Summer","69.0","Mixed","","","","","Ryderwear","","","","","2026","https://www.ryderwear.com/products/boost-seamless-shorts-wine"
"11749","Boost Seamless Shorts - Graphite","Female","Activewear","Solid","Multicolor","18-35","Summer","69.0","Mixed","","","","","Ryderwear","","","","","2026","https://www.ryderwear.com/products/boost-seamless-shorts-graphite"
"11759","NKD V Scrunch Shorts - Taupe","Female","Activewear","Solid","Multicolor","18-35","Summer","53.0","Mixed","","","","","Ryderwear","","","","","2026","https://www.ryderwear.com/products/nkd-v-scrunch-shorts-taupe"
"11760","NKD Stonewash Sports Bra - Mint Stonewash","Female","Activewear","Solid","Mint","18-35","All","49.0","Mixed","","","","","Ryderwear","","","","","2026","https://www.ryderwear.com/products/nkd-stonewash-sports-bra-mint-stonewash"
"11761","NKD Stonewash Sports Bra - Chocolate Stonewash","Female","Activewear","Solid","Multicolor","18-35","All","42.0","Mixed","","","","","Ryderwear","","","","","2026","https://www.ryderwear.com/products/nkd-stonewash-sports-bra-chocolate-stonewash"
"11762","Extreme Scrunch Shorts - Black","Female","Activewear","Solid","Black","18-35","Summer","69.0","Mixed","","","","","Ryderwear","","","","","2026","https://www.ryderwear.com/products/extreme-scrunch-shorts-black"
"11764","Stonewash Scrunch Seamless Shorts - Fawn Stonewash","Female","Activewear","Solid","Multicolor","18-35","Summer","76.0","Mixed","","","","","Ryderwear","","","","","2026","https://www.ryderwear.com/products/stonewash-scrunch-seamless-shorts-fawn-stonewash"
"11766","NKD High Waisted Leggings - Cherry Red","Female","Activewear","Solid","Red","18-35","All","67.0","Mixed","","","","","Ryderwear","","","","","2026","https://www.ryderwear.com/products/nkd-high-waisted-leggings-cherry-red"
"9001","Orven Tailered Tie Detail Shorts Beige Stripe","Female","Shorts","Striped","Red","18-35","Summer","55.0","Mixed","","","","","Princess Polly","","","","","2026","https://us.princesspolly.com/products/orven-tailered-tie-detail-shorts-beige-stripe"
"9002","Fairylike Mini Skirt Multi Stripe","Female","Skirt","Striped","Multicolor","18-35","Summer","49.0","Mixed","","","","","Princess Polly","","","","","2026","https://us.princesspolly.com/products/fairylike-mini-skirt-multi-stripe"
"9003","Go Girl Low Rise Studded Mini Skort Mid Blue","Female","Shorts","Solid","Blue","13-17","Summer","65.0","Mixed","","","","","Princess Polly","","","","","2026","https://us.princesspolly.com/products/go-girl-denim-studded-mini-skort-mid-wash"
"9004","Lunya Mini Dress Black","Female","Dress","Solid","Black","18-35","Summer","69.0","Mixed","","","","","Princess Polly Lower Impact","","","","","2026","https://us.princesspolly.com/products/lunya-mini-dress-black"
"9005","Isador Ruched Maxi Skirt Pink","Female","Skirt","Solid","Pink","18-35","All","65.0","Mixed","","","","","Princess Polly Lower Impact","","","","","2026","https://us.princesspolly.com/products/isador-ruched-maxi-skirt-pink"
"9006","Cannelloni Mini Dress Lilac Floral","Female","Dress","Floral","Multicolor","18-35","Summer","65.0","Mixed","","","","","Princess Polly","","","","","2026","https://us.princesspolly.com/products/cannelloni-mini-dress-lilac-floral"
"9007","Sandia Lace Trim Mini Dress Blue Floral","Female","Dress","Floral","Blue","18-35","Summer","69.0","Mixed","","","","","Princess Polly","","","","","2026","https://us.princesspolly.com/products/sandia-lace-trim-mini-dress-blue-floral"
"9008","Alliza Square Neck Maxi Dress Yellow Floral","Female","Dress","Floral","Yellow","18-35","Summer","79.0","Mixed","","","","","Princess Polly","","","","","2026","https://us.princesspolly.com/products/alliza-square-neck-maxi-dress-yellow-floral"
"9009","Chelsae Halter Maxi Dress Gray Marle","Female","Dress","Solid","Gray","18-35","Summer","75.0","Mixed","","","","","Princess Polly","","","","","2026","https://us.princesspolly.com/products/chelsae-halter-maxi-dress-gray-marle"
"9010","Irenah Strapless Denim Corset Mini Dress White","Female","Dress","Solid","White","18-35","Summer","75.0","Denim","","","","","Princess Polly","","","","","2026","https://us.princesspolly.com/products/irenah-strapless-denim-corset-mini-dress-white"
"9011","Rhen Racerback Maxi Dress Black","Female","Dress","Solid","Black","18-35","Spring","79.0","Mixed","","","","","Princess Polly","","","","","2026","https://us.princesspolly.com/products/rhen-racerback-maxi-dress-black"
"9012","Amary Scrucnhie Pink Polka","Female","Hair Accessories","Polka Dots","Pink","18-35","All","12.0","Mixed","","","","","Princess Polly","","","","","2026","https://us.princesspolly.com/products/amary-scrucnhie-pink-polka"
"9013","Zilah Heeled Ankle Boots Black","Female","Shoes","Solid","Black","18-35","Autumn","79.0","Mixed","","","","","Princess Polly","","","","","2026","https://us.princesspolly.com/products/zilah-heeled-ankle-boots-black"
"9014","Go Girl iPhone Case Groovy Aqua","Female","Tech Accessories","Solid","Multicolor","13-17","All","16.0","Mixed","","","","","Princess Polly","","","","","2026","https://us.princesspolly.com/products/go-girl-iphone-case-grooy-aqua"
"9015","Soft Haze Belt Aqua","Female","Belts","Solid","Multicolor","18-35","All","22.0","Mixed","","","","","Princess Polly Lower Impact","","","","","2026","https://us.princesspolly.com/products/soft-haze-belt-aqua"
"9016","Kecia Lace Waistband Mini Skirt White","Female","Skirt","Solid","White","18-35","Summer","55.0","Mixed","","","","","Princess Polly","","","","","2026","https://us.princesspolly.com/products/kecia-lace-waistband-mini-skirt-cream"
"9017","Giggle Top Gold Shimmer","Female","Shirt","Solid","Gold","18-35","Winter","40.0","Mixed","","","","","Princess Polly","","","","","2026","https://us.princesspolly.com/products/giggle-top-gold-shimmer"
"9018","Silver Springs Midi Skirt White","Female","Skirt","Solid","White","18-35","Spring","65.0","Mixed","","","","","Princess Polly","","","","","2026","https://us.princesspolly.com/products/silver-springs-midi-skirt-white"
"9019","Raynah Micro Pleated Mini Skort White","Female","Skirt","Solid","White","18-35","Summer","49.0","Mixed","","","","","Princess Polly","","","","","2026","https://us.princesspolly.com/products/raynah-micro-pleated-mini-skirt-white"
"9020","Malkah Tie Sleeve Foldover Top Yellow","Female","Shirt","Solid","Yellow","18-35","All","55.0","Mixed","","","","","Princess Polly Lower Impact","","","","","2026","https://us.princesspolly.com/products/malkah-tie-sleeve-foldover-top-yellow"
"9021","Admiration Bead Detail Mini Dress Turquoise","Female","Dress","Solid","Multicolor","18-35","Summer","69.0","Mixed","","","","","Princess Polly Lower Impact","","","","","2026","https://us.princesspolly.com/products/admiration-bead-detail-mini-dress-turquoise"
"9022","Junette Halter Button Mini Dress Black","Female","Dress","Solid","Black","18-35","Summer","69.0","Mixed","","","","","Princess Polly","","","","","2026","https://us.princesspolly.com/products/junette-halter-button-mini-dress-black"
"9218","Featherlight Pima Tee | White Signature-fit","Male","Shirt","Solid","White","18-35","All","58.0","Mixed","","","","","Cuts","","","","","2026","https://cutsclothing.com/products/featherweight-pima-tee-white"
"9219","Featherlight Pima Tee | Ocean Storm Signature-fit","Male","Shirt","Solid","Multicolor","18-35","All","58.0","Mixed","","","","","Cuts","","","","","2026","https://cutsclothing.com/products/featherweight-pima-tee-ocean-storm"
"9220","Featherlight Pima Tee | Nimbus Signature-fit","Male","Shirt","Solid","Multicolor","18-35","All","58.0","Mixed","","","","","Cuts","","","","","2026","https://cutsclothing.com/products/featherweight-pima-tee-nimbus"
"9221","Featherlight Pima Tee | Naples Blue Signature-fit","Male","Shirt","Solid","Blue","18-35","All","58.0","Mixed","","","","","Cuts","","","","","2026","https://cutsclothing.com/products/featherweight-pima-tee-naples-blue"
"9236","Crossover Polo | Nimbus Signature Fit","Male","Shirt","Solid","Multicolor","18-35","All","48.0","Mixed","","","","","Cuts","","","","","2026","https://cutsclothing.com/products/crossover-polo-nimbus"
"9468","247 Oversized Hoodie - Jet Black","Male","Shirt","Solid","Black","18-35","Winter","165.0","Mixed","","","","","247","","","","","2026","https://representclo.com/products/247-oversized-hoodie-jet-black-1"
"9469","247 Oversized Tank - Jet Black","Male","Shirt","Solid","Black","18-35","Summer","85.0","Mixed","","","","","247","","","","","2026","https://representclo.com/products/247-oversized-tank-jet-black-1"
"9470","247 Oversized Tank - Flat White","Male","Shirt","Solid","White","18-35","Summer","85.0","Mixed","","","","","247","","","","","2026","https://representclo.com/products/247-oversized-tank-flat-white-1"
"9471","247 Oversized T-Shirt - Jet Black","Male","Shirt","Solid","Black","18-35","All","90.0","Mixed","","","","","247","","","","","2026","https://representclo.com/products/247-oversized-t-shirt-jet-black-1"
"9472","247 DNA Mesh Vest - Jet Black","Male","Shirt","Solid","Black","18-35","All","65.0","Mixed","","","","","247","","","","","2026","https://representclo.com/products/247-dna-mesh-vest-jet-black"
"9473","247 Oversized T-Shirt - Flat White","Male","Shirt","Solid","White","18-35","All","90.0","Mixed","","","","","247","","","","","2026","https://representclo.com/products/247-oversized-t-shirt-flat-white-1"
"9474","Beaded Represent Bracelet - Silver","Male","Accessories","Solid","Silver","18-35","All","175.0","Mixed","","","","","SC26","","","","","2026","https://representclo.com/products/beaded-represent-bracelet-silver"
"9475","Represent Long Board - Smoked Teal","Male","Accessories","Solid","Teal","18-35","All","735.0","Mixed","","","","","SC26","","","","","2026","https://representclo.com/products/represent-long-board-smoked-teal"
"9476","Private Members x 47 Cap - Washed Navy","Male","Accessories","Solid","Navy","18-35","All","100.0","Mixed","","","","","SC26","","","","","2026","https://representclo.com/products/private-members-x-47-cap-washed-navy"
"9477","Melrose Sunglasses - Silver","Male","Accessories","Solid","Silver","18-35","All","240.0","Mixed","","","","","SC26","","","","","2026","https://representclo.com/products/melrose-sunglasses-silver"
"9478","Private Members Key Fob - Silver","Male","Accessories","Solid","Silver","18-35","All","85.0","Mixed","","","","","SC26","","","","","2026","https://representclo.com/products/private-members-key-fob-silver"
"9479","Santa Monica x 47 Cap - Light Blue","Male","Accessories","Solid","Blue","18-35","All","100.0","Mixed","","","","","SC26","","","","","2026","https://representclo.com/products/santa-monica-x-47-cap-light-blue"
"9480","Cruz Short - Jet Black","Male","Shorts","Solid","Black","18-35","Summer","195.0","Mixed","","","","","SC26","","","","","2026","https://representclo.com/products/cruz-short-jet-black"
"9481","Printed Bandana - Flat White","Male","Accessories","Solid","White","18-35","All","60.0","Mixed","","","","","SC26","","","","","2026","https://representclo.com/products/printed-bandana-flat-white"
"9482","Westside T-Shirt - Flat White","Male","Shirt","Solid","White","18-35","All","165.0","Mixed","","","","","SC26","","","","","2026","https://representclo.com/products/westside-t-shirt-flat-white"
"9483","Santa Monica Flannel Shirt - Blush","Male","Shirt","Solid","Multicolor","18-35","All","275.0","Mixed","","","","","SC26","","","","","2026","https://representclo.com/products/santa-monica-flannel-shirt-blush"
"9484","Westside T-Shirt - Stained Black","Male","Shirt","Solid","Black","18-35","All","165.0","Mixed","","","","","SC26","","","","","2026","https://representclo.com/products/westside-t-shirt-stained-black"
"9485","California Striped Knitted Polo - Jet Black","Male","Shirt","Striped","Black","18-35","Winter","210.0","Mixed","","","","","SC26","","","","","2026","https://representclo.com/products/california-striped-knitted-polo-jet-black"
"9486","Cruz Short - Beige","Male","Shorts","Solid","Beige","18-35","Summer","195.0","Mixed","","","","","SC26","","","","","2026","https://representclo.com/products/cruz-short-beige"
"9487","Camo Cargo Short - Camo","Male","Shorts","Camouflage","Multicolor","18-35","Summer","230.0","Mixed","","","","","SC26","","","","","2026","https://representclo.com/products/camo-cargo-short-camo"
"9488","Painted Denim - Coastal Blue","Male","Jeans","Solid","Blue","18-35","All","270.0","Denim","","","","","SC26","","","","","2026","https://representclo.com/products/painted-denim-coastal-blue"
"9489","Busy Doing Nothing Denim Short - Dusty Blue","Male","Shorts","Solid","Blue","18-35","Summer","220.0","Denim","","","","","SC26","","","","","2026","https://representclo.com/products/busy-doing-nothing-denim-short-dusty-blue"
"10048","Washed Denim Button Up Shirt - Blue","Male","Shirt","Solid","Blue","18-35","All","56.0","Denim","","","","","mnml","","","","","2026","https://www.mnml.la/products/mnml-tops-washed-denim-button-up-shirt-m2025-f882-blu"
"10298","MICHELLE SKORT - WHITE","Female","Skirt","Solid","White","18-35","All","65.0","Mixed","","","","","I.AM.GIA","","","","","2026","https://www.iamgia.com/products/michelle-skort-white"
"10299","MICHELLE BOOB TUBE - WHITE","Female","Shirt","Solid","White","18-35","All","59.0","Mixed","","","","","I.AM.GIA","","","","","2026","https://www.iamgia.com/products/michelle-boob-tube-white"
"10300","NOVIA SPORT HEADBAND - NAVY","Female","Axx","Solid","Navy","18-35","All","15.0","Mixed","","","","","I.AM.GIA","","","","","2026","https://www.iamgia.com/products/novia-sport-headband-navy"
"10301","NOVIA SPORT HEADBAND - WHITE","Female","Axx","Solid","White","18-35","All","15.0","Mixed","","","","","I.AM.GIA","","","","","2026","https://www.iamgia.com/products/novia-sport-headband-white"
"10302","SERENA HAT - WHITE","Female","Axx","Solid","White","18-35","All","45.0","Mixed","","","","","I.AM.GIA","","","","","2026","https://www.iamgia.com/products/serena-hat-white"
"10303","SERENA HAT - RED","Female","Axx","Solid","Red","18-35","All","45.0","Mixed","","","","","I.AM.GIA","","","","","2026","https://www.iamgia.com/products/serena-hat-red"
"10304","NOVIA SPORT HEADBAND - RED","Female","Axx","Solid","Red","18-35","All","15.0","Mixed","","","","","I.AM.GIA","","","","","2026","https://www.iamgia.com/products/novia-sport-headband-red"
"10305","NOVIA MICRO SPORT SHORT - WHITE","Female","Shorts","Solid","White","18-35","Summer","65.0","Mixed","","","","","I.AM.GIA","","","","","2026","https://www.iamgia.com/products/novia-micro-sport-short-white"
"10306","NOVIA MICRO SPORT SHORT - RED","Female","Shorts","Solid","Red","18-35","Summer","65.0","Mixed","","","","","I.AM.GIA","","","","","2026","https://www.iamgia.com/products/novia-micro-sport-short-red"
"10307","NOVIA MICRO SPORT SHORT - NAVY","Female","Shorts","Solid","Navy","18-35","Summer","65.0","Mixed","","","","","I.AM.GIA","","","","","2026","https://www.iamgia.com/products/novia-micro-sport-short-navy"
"10308","NOVIA LACE-UP T-SHIRT AND HEADBAND - WHITE","Female","Shirt","Solid","White","18-35","All","75.0","Mixed","","","","","I.AM.GIA","","","","","2026","https://www.iamgia.com/products/novia-two-piece-lace-up-t-shirt-white"
"10309","NOVIA LACE-UP T-SHIRT AND HEADBAND - RED","Female","Shirt","Solid","Red","18-35","All","75.0","Mixed","","","","","I.AM.GIA","","","","","2026","https://www.iamgia.com/products/novia-two-piece-lace-up-t-shirt-red"
"10310","NOVIA LACE-UP T-SHIRT AND HEADBAND - NAVY","Female","Shirt","Solid","Navy","18-35","All","75.0","Mixed","","","","","I.AM.GIA","","","","","2026","https://www.iamgia.com/products/novia-two-piece-lace-up-t-shirt-navy"
"10311","BLARE V-NECK TOP AND HEADBAND - YELLOW","Female","Shirt","Solid","Yellow","18-35","All","65.0","Mixed","","","","","I.AM.GIA","","","","","2026","https://www.iamgia.com/products/blare-two-piece-v-neck-top-yellow"
"10312","BLARE VARSITY MICRO SKORT - GREEN","Female","Skirt","Solid","Green","18-35","All","65.0","Mixed","","","","","I.AM.GIA","","","","","2026","https://www.iamgia.com/products/blare-varsity-micro-skort-green"
"10313","BLARE VARSITY MICRO SKORT - BABY BLUE","Female","Skirt","Solid","Blue","18-35","All","65.0","Mixed","","","","","I.AM.GIA","","","","","2026","https://www.iamgia.com/products/blare-varsity-micro-skort-baby-blue"
"10314","BLARE SPORT CROP TEE AND HEADBAND - CRIMSON","Female","Shirt","Solid","Multicolor","18-35","Summer","49.0","Mixed","","","","","I.AM.GIA","","","","","2026","https://www.iamgia.com/products/blare-two-piece-sport-crop-tee-crimson"
"10315","BLARE SPORT CROP TEE AND HEADBAND - BABY BLUE","Female","Shirt","Solid","Blue","18-35","Summer","49.0","Mixed","","","","","I.AM.GIA","","","","","2026","https://www.iamgia.com/products/blare-two-piece-sport-crop-tee-baby-blue"
"10316","BLARE SPORT TRACKPANT - NAVY","Female","Jeans","Solid","Navy","18-35","All","85.0","Mixed","","","","","I.AM.GIA","","","","","2026","https://www.iamgia.com/products/blare-sport-trackpant-navy"
"10317","BLARE SPORT TRACKPANT - GREEN","Female","Jeans","Solid","Green","18-35","All","85.0","Mixed","","","","","I.AM.GIA","","","","","2026","https://www.iamgia.com/products/blare-sport-trackpant-green"
"10318","BLARE SPORT HOODIE AND HEADBAND - NAVY","Female","Jacket","Solid","Navy","18-35","Winter","79.0","Mixed","","","","","I.AM.GIA","","","","","2026","https://www.iamgia.com/products/blare-sport-hoodie-navy"
"10319","BLARE SPORT HOODIE AND HEADBAND - GREEN","Female","Jacket","Solid","Green","18-35","Winter","79.0","Mixed","","","","","I.AM.GIA","","","","","2026","https://www.iamgia.com/products/blare-sport-hoodie-green"
"10496","Tennis Club Sweater Knit Full Zip Jacket - Black/Ivory","Female","Jacket","Solid","Black","18-35","Winter","198.0","Mixed","","","","","Alo Yoga","","","","","2026","https://aloyoga.com/products/w4677r-tennis-club-sweater-knit-full-zip-jacket-black-ivory"
"10497","7/8 High-Waist Airlift Legging - Winter Ivy","Female","Activewear","Solid","Multicolor","18-35","Winter","93.0","Mixed","","","","","Alo Yoga","","","","","2026","https://aloyoga.com/products/w5766r-7-8-high-waist-airlift-legging-winter-ivy"
"10498","Cropped All Day Short Sleeve - Black","Female","Shirt","Solid","Black","18-35","Summer","58.0","Mixed","","","","","Alo Yoga","","","","","2026","https://aloyoga.com/products/w1444r-cropped-all-day-short-sleeve-black"
"10499","Chill Crew Neck Pullover - Clover Green","Female","Women:Outerwear:Coverups:Pullovers","Solid","Green","18-35","All","108.0","Mixed","","","","","Alo Yoga","","","","","2026","https://aloyoga.com/products/m3207r-chill-crew-pullover-clover-green-womens"
"10501","Dreamscape Button Down Long Sleeve - Macadamia","Female","Shirt","Solid","Multicolor","18-35","All","102.0","Mixed","","","","","Alo Yoga","","","","","2026","https://aloyoga.com/products/w3732r-dreamscape-button-down-long-sleeve-macadamia"
"10502","Mesh Front Runner 2 In 1 Short - Black","Female","Shorts","Solid","Black","18-35","Summer","98.0","Mixed","","","","","Alo Yoga","","","","","2026","https://aloyoga.com/products/w6498r-mesh-front-runner-2-in-1-short-black"
"10504","Alosoft 1/2 Zip Rapid Pullover - Mushroom","Female","Shirt","Solid","Multicolor","18-35","All","75.0","Mixed","","","","","Alo Yoga","","","","","2026","https://aloyoga.com/products/w3694r-alosoft-1-2-zip-rapid-pullover-mushroom"
"10505","Alosoft Heart Throb Bra - Pink Quartz Heather/White","Female","Women:Bras","Solid","White","18-35","All","70.0","Mixed","","","","","Alo Yoga","","","","","2026","https://aloyoga.com/products/w9811r-alosoft-heart-throb-bra-pink-quartz-heather-white"
"10506","High-Waist Voyager Trouser - Pink Quartz","Female","Jeans","Solid","Pink","18-35","All","134.0","Mixed","","","","","Alo Yoga","","","","","2026","https://aloyoga.com/products/w54156r-high-waist-voyager-trouser-pink-quartz"
"10507","Double Take Hoodie - Steel Grey","Female","Shirt","Solid","Grey","18-35","Winter","128.0","Mixed","","","","","Alo Yoga","","","","","2026","https://aloyoga.com/products/m3245r-double-take-hoodie-steel-grey-womens"
"10509","Match Point Short - Green Olive","Female","Shorts","Solid","Green","18-35","Summer","78.0","Mixed","","","","","Alo Yoga","","","","","2026","https://aloyoga.com/products/w6334r-match-point-short-green-olive"
"10511","Tennis Club Sweater Knit Full Zip Jacket - Navy/Ivory","Female","Jacket","Solid","Navy","18-35","Winter","198.0","Mixed","","","","","Alo Yoga","","","","","2026","https://aloyoga.com/products/w4677r-tennis-club-sweater-knit-full-zip-jacket-navy-ivory"
"10512","Faux Fur Ear Warmers - Ivory","Female","Accessories:Cold Weather:Hats","Solid","Ivory","18-35","All","62.0","Mixed","","","","","Alo Yoga","","","","","2026","https://aloyoga.com/products/a0397u-faux-fur-ear-warmers-ivory"
"10514","Double Take Short Sleeve - Brownstone","Female","Shirt","Solid","Brown","18-35","All","88.0","Mixed","","","","","Alo Yoga","","","","","2026","https://aloyoga.com/products/m1224r-double-take-short-sleeve-brownstone-womens"
"10516","Accolade 1/4 Zip Pullover - Winter Frost","Female","Men:Outerwear:Coverups:Pullovers","Solid","Multicolor","18-35","Winter","148.0","Mixed","","","","","Alo Yoga","","","","","2026","https://aloyoga.com/products/u3040rg-accolade-1-4-zip-pullover-winter-frost-mens"
"10746","Go With The Flow Hip Tank - Onyx Black","Female","Pump Cover","Solid","Black","18-35","Summer","42.0","Mixed","","","","","Buffbunny-Fresh","","","","","2026","https://www.buffbunny.com/products/go-with-the-flow-hip-tank-onyx-black"
"10747","Go With The Flow Hip Tank - White","Female","Pump Cover","Solid","White","18-35","Summer","42.0","Mixed","","","","","Buffbunny-Fresh","","","","","2026","https://www.buffbunny.com/products/go-with-the-flow-hip-tank-white"
"10748","Go With The Flow Hip Tank - Tango Vibes","Female","Pump Cover","Solid","Multicolor","18-35","Summer","42.0","Mixed","","","","","Buffbunny-Fresh","","","","","2026","https://www.buffbunny.com/products/go-with-the-flow-hip-tank-tango-vibes"
"10749","Go With The Flow Hip Tank - Grape Juice","Female","Pump Cover","Solid","Multicolor","18-35","Summer","42.0","Mixed","","","","","Buffbunny-Fresh","","","","","2026","https://www.buffbunny.com/products/go-with-the-flow-hip-tank-grape-juice"
"10750","Go With The Flow Hip Tank - Pineapple","Female","Pump Cover","Solid","Multicolor","18-35","Summer","42.0","Mixed","","","","","Buffbunny-Fresh","","","","","2026","https://www.buffbunny.com/products/go-with-the-flow-hip-tank-pineapple"
"10751","Go With The Flow Hip Tank - Fresh","Female","Pump Cover","Solid","Multicolor","18-35","Summer","42.0","Mixed","","","","","Buffbunny-Fresh","","","","","2026","https://www.buffbunny.com/products/go-with-the-flow-hip-tank-fresh"
"10752","Go With The Flow Hip Tank - Burnt Sugar","Female","Pump Cover","Solid","Multicolor","18-35","Summer","42.0","Mixed","","","","","Buffbunny-Fresh","","","","","2026","https://www.buffbunny.com/products/go-with-the-flow-hip-tank-burnt-sugar"
"10753","Go With The Flow Hip Tank - Tequila Sunrise","Female","Pump Cover","Solid","Multicolor","18-35","Summer","42.0","Mixed","","","","","Buffbunny-Fresh","","","","","2026","https://www.buffbunny.com/products/go-with-the-flow-hip-tank-tequila-sunrise"
"10754","Go With The Flow Hip Tank - Punch","Female","Pump Cover","Solid","Multicolor","18-35","Summer","42.0","Mixed","","","","","Buffbunny-Fresh","","","","","2026","https://www.buffbunny.com/products/go-with-the-flow-hip-tank-punch"
"10755","Served Skort - Pineapple","Female","Activewear","Solid","Multicolor","18-35","All","52.0","Mixed","","","","","Buffbunny-Fresh","","","","","2026","https://www.buffbunny.com/products/served-skort-pineapple"
"10756","Served Skort - Onyx Black","Female","Activewear","Solid","Black","18-35","All","52.0","Mixed","","","","","Buffbunny-Fresh","","","","","2026","https://www.buffbunny.com/products/served-skort-onyx-black"
"10757","Served Skort - Punch","Female","Activewear","Solid","Multicolor","18-35","All","52.0","Mixed","","","","","Buffbunny-Fresh","","","","","2026","https://www.buffbunny.com/products/served-skort-punch"
"10758","Micro Legacy Legging - Tango and Grape Juice","Female","Legging","Solid","Multicolor","18-35","All","70.0","Mixed","","","","","Buffbunny-Fresh","","","","","2026","https://www.buffbunny.com/products/micro-legacy-legging-tango-grape-juice"
"10759","Micro Legacy Legging - Grape Juice","Female","Legging","Solid","Multicolor","18-35","All","70.0","Mixed","","","","","Buffbunny-Fresh","","","","","2026","https://www.buffbunny.com/products/micro-legacy-legging-grape-juice"
"10760","Micro Legacy Legging - Punch","Female","Legging","Solid","Multicolor","18-35","All","70.0","Mixed","","","","","Buffbunny-Fresh","","","","","2026","https://www.buffbunny.com/products/micro-legacy-legging-punch"
"10761","Micro Legacy Legging - Tequila Sunrise and Punch","Female","Legging","Solid","Multicolor","18-35","All","70.0","Mixed","","","","","Buffbunny-Fresh","","","","","2026","https://www.buffbunny.com/products/micro-legacy-legging-tequila-sunrise-punch"
"10762","Micro Legacy Legging - Fresh and White","Female","Legging","Solid","White","18-35","All","70.0","Mixed","","","","","Buffbunny-Fresh","","","","","2026","https://www.buffbunny.com/products/micro-legacy-legging-fresh-white"
"10763","Micro Legacy Legging - Burnt Sugar and Rose Blush","Female","Legging","Solid","Multicolor","18-35","All","70.0","Mixed","","","","","Buffbunny-Fresh","","","","","2026","https://www.buffbunny.com/products/micro-legacy-legging-burnt-sugar-rose"
"10764","Micro Legacy Legging - Fresh Print","Female","Legging","Solid","Multicolor","18-35","All","70.0","Mixed","","","","","Buffbunny-Fresh","","","","","2026","https://www.buffbunny.com/products/micro-legacy-legging-fresh-print"
"10765","Sweetheart Nubre Sports Bra - Onyx Black and White","Female","Activewear","Solid","Black","18-35","All","46.0","Mixed","","","","","Buffbunny-Fresh","","","","","2026","https://www.buffbunny.com/products/sweetheart-nubre-sports-bra-onyx-black-white"
"10766","Sweetheart Nubre Sports Bra - Tango and Grape Juice","Female","Activewear","Solid","Multicolor","18-35","All","46.0","Mixed","","","","","Buffbunny-Fresh","","","","","2026","https://www.buffbunny.com/products/sweetheart-nubre-sports-bra-tango-grape-juice"
"10767","Sweetheart Nubre Sports Bra - Grape Juice and Tango","Female","Activewear","Solid","Multicolor","18-35","All","46.0","Mixed","","","","","Buffbunny-Fresh","","","","","2026","https://www.buffbunny.com/products/sweetheart-nubre-sports-bra-grape-juice-tango"
"11123","Women's NOBULL Boston Boxy Tee","Female","Apparel","Solid","Multicolor","18-35","All","35.0","Mixed","","","","","NOBULL","","","","","2026","https://www.nobullproject.com/products/womens-nobull-boston-boxy-tee-heather-gray"
"11125","Men's NOBULL Boston Tee","Male","Apparel","Solid","Multicolor","18-35","All","35.0","Mixed","","","","","NOBULL","","","","","2026","https://www.nobullproject.com/products/mens-nobull-boston-tee-heather-gray"
"11144","NOBULL Backpack","Male","Accessories","Solid","Multicolor","18-35","All","100.0","Mixed","","","","","NOBULL","","","","","2026","https://www.nobullproject.com/products/nobull-backpack-white"
"11502","Children of Valor Donation","Male","Charity","Solid","Multicolor","18-35","All","1.0","Mixed","","","","","Born Primitive","","","","","2026","https://www.bornprimitive.com/products/children-of-valor-donation"
"11508","Women's Cloud Jogger (Heather Oatmeal)","Male","Women'S Joggers","Solid","Multicolor","18-35","All","80.0","Mixed","","","","","Born Primitive","","","","","2026","https://www.bornprimitive.com/products/womens-cloud-jogger-heather-oatmeal"
"11509","Heritage Knit Beanie (Tactical Green)","Male","Hats","Solid","Green","18-35","Winter","30.0","Mixed","","","","","Born Primitive","","","","","2026","https://www.bornprimitive.com/products/heritage-knit-beanie-tactical-green"
"11510","Heritage Knit Beanie (Oatmeal)","Male","Hats","Solid","Multicolor","18-35","Winter","30.0","Mixed","","","","","Born Primitive","","","","","2026","https://www.bornprimitive.com/products/heritage-knit-beanie-oatmeal"
"11511","Heritage Knit Beanie (Black)","Male","Hats","Solid","Black","18-35","Winter","30.0","Mixed","","","","","Born Primitive","","","","","2026","https://www.bornprimitive.com/products/the-heritage-knit-beanie-black"
"11514","New Heights Booty Short Set (Gold Star)","Male","New Heights Booty Short Set (Gold Star)","Solid","Gold","18-35","All","76.5","Mixed","","","","","Born Primitive","","","","","2026","https://www.bornprimitive.com/products/new-heights-booty-short-set-gold-star"
"11515","Warrior Edge Sports Bra (Gold Star)","Male","Activewear","Solid","Gold","18-35","All","45.0","Mixed","","","","","Born Primitive","","","","","2026","https://www.bornprimitive.com/products/warrior-edge-sports-bra-gold-star"
"11518","USA Serenity Sports Bra (Black)","Male","Activewear","Solid","Black","18-35","All","45.0","Mixed","","","","","Born Primitive","","","","","2026","https://www.bornprimitive.com/products/usa-serenity-sports-bra-black"
"11519","New Heights Booty Short (Gold Star)","Male","Shorts","Solid","Gold","18-35","Summer","45.0","Mixed","","","","","Born Primitive","","","","","2026","https://www.bornprimitive.com/products/new-heights-booty-short-gold-star"
"11523","For The Driven Velcro Patch","Male","Patch","Solid","Multicolor","18-35","All","7.0","Mixed","","","","","Born Primitive","","","","","2026","https://www.bornprimitive.com/products/for-the-driven-velcro-patch"
"11742","Staples Scrunch Bum Leggings - Black","Female","Clothing","Solid","Black","18-35","All","26.0","Mixed","","","","","Ryderwear","","","","","2026","https://www.ryderwear.com/products/staples-scrunch-bum-leggings-black-1"
"11743","Flex Mesh T-Shirt - Aqua","Female","Clothing","Solid","Multicolor","18-35","All","30.0","Mixed","","","","","Ryderwear","","","","","2026","https://www.ryderwear.com/products/flex-mesh-t-shirt-aqua"
"11744","NRG Stringer - Matcha","Female","Clothing","Solid","Multicolor","18-35","All","35.0","Mixed","","","","","Ryderwear","","","","","2026","https://www.ryderwear.com/products/nrg-stringer-matcha"
"11745","Contour Track Pants - Chocolate","Female","Clothing","Solid","Multicolor","18-35","All","85.0","Mixed","","","","","Ryderwear","","","","","2026","https://www.ryderwear.com/products/contour-track-pants-chocolate"
"11746","Ryderwear Track Jacket - Chocolate","Female","Clothing","Solid","Multicolor","18-35","All","85.0","Mixed","","","","","Ryderwear","","","","","2026","https://www.ryderwear.com/products/ryderwear-track-jacket-chocolate"
"11763","NKD High Waisted Scrunch Leggings - Blue","Female","Clothing","Solid","Blue","18-35","All","48.0","Mixed","","","","","Ryderwear","","","","","2026","https://www.ryderwear.com/products/nkd-high-waisted-scrunch-leggings-blue"
"12242","CottonTek? Harland Shirt","Male","Button-Down","Solid","Multicolor","18-35","All","115.0","Cotton","","","","","UNTUCKit","","","","","2026","https://www.untuckit.com/products/harland-wf-perf-blue"
"12243","Performance Short-Sleeve Lobo Shirt","Male","Button-Down","Solid","Multicolor","18-35","All","109.0","Mixed","","","","","UNTUCKit","","","","","2026","https://www.untuckit.com/products/lobo-navy"
"12244","Wrinkle-Free Stretch Cotton Arden Shirt","Male","Button-Down","Solid","Multicolor","18-35","All","115.0","Cotton","","","","","UNTUCKit","","","","","2026","https://www.untuckit.com/products/arden-wf"
"12245","No-Show Socks","Male","Accessories","Solid","Multicolor","18-35","All","14.5","Mixed","","","","","UNTUCKit","","","","","2026","https://www.untuckit.com/products/no-show-sock-evening-blue"
"12246","Performance Short-Sleeve Brookstone Shirt","Male","Button-Down","Solid","Multicolor","18-35","All","109.0","Mixed","","","","","UNTUCKit","","","","","2026","https://www.untuckit.com/products/brookstone-pink"
"12247","Performance Short-Sleeve Stanton Shirt","Male","Button-Down","Solid","Multicolor","18-35","All","109.0","Mixed","","","","","UNTUCKit","","","","","2026","https://www.untuckit.com/products/stanton-ss"
"12248","Wrinkle-Free Ormsby Shirt","Male","Button-Down","Solid","Multicolor","18-35","All","79.0","Mixed","","","","","UNTUCKit","","","","","2026","https://www.untuckit.com/products/ormsby-wf"
"12249","Wrinkle-Free Ridgewell Shirt","Male","Button-Down","Solid","Multicolor","18-35","All","115.0","Mixed","","","","","UNTUCKit","","","","","2026","https://www.untuckit.com/products/ridgewell-wf-yellow"
"12250","Printed CottonTek? Polo","Male","Polos","Solid","Multicolor","18-35","All","84.5","Cotton","","","","","UNTUCKit","","","","","2026","https://www.untuckit.com/products/podrick-navy-blazer"
"12251","UNTUCKit Fragrance","Male","Accessories","Solid","Multicolor","18-35","All","74.0","Mixed","","","","","UNTUCKit","","","","","2026","https://www.untuckit.com/products/untuckit-cologne"
"12252","Striped Socks","Male","Accessories","Striped","Multicolor","18-35","All","14.5","Mixed","","","","","UNTUCKit","","","","","2026","https://www.untuckit.com/products/multicolor-stripe-socks-rose-of-sharon"
"12253","Performance Hybrid Polo","Male","Polos","Solid","Multicolor","18-35","All","74.5","Mixed","","","","","UNTUCKit","","","","","2026","https://www.untuckit.com/products/fontaine-sea-turtle"
"12254","Ultrasoft Tee","Male","Tees & Henleys","Solid","Multicolor","18-35","All","39.5","Mixed","","","","","UNTUCKit","","","","","2026","https://www.untuckit.com/products/saxum-black"
"12255","5-Pocket Performance Tech Pants","Male","Jeans","Solid","Multicolor","18-35","All","128.0","Mixed","","","","","UNTUCKit","","","","","2026","https://www.untuckit.com/products/torre-5-pocket-tech-pant-navy"
"12259","Performance Polo","Male","Polos","Solid","Multicolor","18-35","All","69.5","Mixed","","","","","UNTUCKit","","","","","2026","https://www.untuckit.com/products/clavidor-shadow"
"12260","Performance Short-Sleeve Tennyson Shirt","Male","Button-Down","Solid","Multicolor","18-35","All","109.0","Mixed","","","","","UNTUCKit","","","","","2026","https://www.untuckit.com/products/tennyson"
"12261","Linen Short-Sleeve Turner Shirt","Male","Button-Down","Solid","Multicolor","18-35","Summer","105.0","Linen","","","","","UNTUCKit","","","","","2026","https://www.untuckit.com/products/turner-ss-1"
"12262","Performance Mason Quarter-Zip","Male","Shirt","Solid","Multicolor","18-35","Winter","118.0","Mixed","","","","","UNTUCKit","","","","","2026","https://www.untuckit.com/products/toovey-performance-quarter-zip-black"
"12482","The Short Sleeve Jack in Deep Sea Seersucker","Male","Wovens","Solid","Multicolor","18-35","All","128.0","Mixed","","","","","Taylor Stitch","","","","","2026","https://www.taylorstitch.com/products/short-sleeve-jack-in-deep-sea-seersucker-2604"
"12483","The Short Sleeve Jack in Brick Check Seersucker","Male","Wovens","Checked","Multicolor","18-35","Autumn","128.0","Mixed","","","","","Taylor Stitch","","","","","2026","https://www.taylorstitch.com/products/short-sleeve-jack-in-brick-check-seersucker-2604"
"12484","The Short Sleeve Jack in Burgundy Linen","Male","Wovens","Solid","Burgundy","18-35","Summer","135.0","Linen","","","","","Taylor Stitch","","","","","2026","https://www.taylorstitch.com/products/short-sleeve-jack-in-burgundy-linen-2606"
"12485","The Short Sleeve Jack in Ocean Linen","Male","Wovens","Solid","Multicolor","18-35","Summer","135.0","Linen","","","","","Taylor Stitch","","","","","2026","https://www.taylorstitch.com/products/short-sleeve-jack-in-ocean-linen-2606"
"12486","The Davis Shirt in Driftwood Eyelet","Male","Wovens","Solid","Multicolor","18-35","All","138.0","Mixed","","","","","Taylor Stitch","","","","","2026","https://www.taylorstitch.com/products/davis-shirt-in-driftwood-eyelet-2606"
"12487","The Davis Shirt in Vintage White Embroidered Stripe","Male","Wovens","Striped","White","18-35","All","138.0","Mixed","","","","","Taylor Stitch","","","","","2026","https://www.taylorstitch.com/products/davis-shirt-in-vintage-white-embroidered-stripe-2606"
"12488","The Davis Shirt in Navy Floral Embroidery","Male","Wovens","Floral","Navy","18-35","Summer","138.0","Mixed","","","","","Taylor Stitch","","","","","2026","https://www.taylorstitch.com/products/davis-shirt-in-navy-floral-embroidery-2606"
"12489","The Apres Short in Sangria Block Print","Male","Bottoms","Solid","Multicolor","18-35","All","118.0","Mixed","","","","","Taylor Stitch","","","","","2026","https://www.taylorstitch.com/products/apres-short-in-sangria-block-print-2606"
"12490","The Apres Short in Fennel Block Print","Male","Bottoms","Solid","Multicolor","18-35","All","118.0","Mixed","","","","","Taylor Stitch","","","","","2026","https://www.taylorstitch.com/products/apres-short-in-fennel-block-print-2606"
"12491","The Hawthorne Shirt in Sangria Block Print","Male","Wovens","Solid","Multicolor","18-35","All","135.0","Mixed","","","","","Taylor Stitch","","","","","2026","https://www.taylorstitch.com/products/hawthorne-shirt-in-sangria-block-print-2606"
"12492","The Hawthorne Shirt in Fennel Block Print","Male","Wovens","Solid","Multicolor","18-35","All","135.0","Mixed","","","","","Taylor Stitch","","","","","2026","https://www.taylorstitch.com/products/hawthorne-shirt-in-fennel-block-print-2606"
"12493","The Legend in Grey Smoke","Male","Accessories","Solid","Grey","18-35","All","195.0","Mixed","","","","","Taylor Stitch","","","","","2026","https://www.taylorstitch.com/products/legend-in-grey-smoke-2601"
"12494","The Legend in Tokyo Tortoise","Male","Accessories","Solid","Multicolor","18-35","All","195.0","Mixed","","","","","Taylor Stitch","","","","","2026","https://www.taylorstitch.com/products/legend-in-tokyo-tortoise-2601"
"12495","The Legend in Green Tortoise","Male","Accessories","Solid","Green","18-35","All","195.0","Mixed","","","","","Taylor Stitch","","","","","2026","https://www.taylorstitch.com/products/legend-in-green-tortoise-2601"
"12496","The Monterey Sweater Polo in Deep Sea Geo Crochet","Male","Knits","Solid","Multicolor","18-35","Winter","148.0","Mixed","","","","","Taylor Stitch","","","","","2026","https://www.taylorstitch.com/products/monterey-sweater-polo-in-deep-sea-geo-crochet-2604"
"12497","The Short Sleeve California in Blue Stone Stripe Hemp","Male","Wovens","Striped","Blue","18-35","All","118.0","Mixed","","","","","Taylor Stitch","","","","","2026","https://www.taylorstitch.com/products/short-sleeve-california-in-blue-stone-stripe-hemp-2604"
"12498","The Short Sleeve California in Overcast Check Hemp","Male","Wovens","Checked","Multicolor","18-35","Autumn","118.0","Mixed","","","","","Taylor Stitch","","","","","2026","https://www.taylorstitch.com/products/short-sleeve-california-in-overcast-check-hemp-2604"
"12499","The Short Sleeve California in Sky Hemp","Male","Wovens","Solid","Multicolor","18-35","All","118.0","Mixed","","","","","Taylor Stitch","","","","","2026","https://www.taylorstitch.com/products/short-sleeve-california-in-sky-hemp-2604"
"12500","The Roamer Pant in Smoked Olive Broken Twill","Male","Bottoms","Solid","Olive","18-35","Autumn","138.0","Mixed","","","","","Taylor Stitch","","","","","2026","https://www.taylorstitch.com/products/roamer-pant-in-smoked-olive-broken-twill-2605"
"12501","The Roamer Pant in Navy Broken Twill","Male","Bottoms","Solid","Navy","18-35","All","138.0","Mixed","","","","","Taylor Stitch","","","","","2026","https://www.taylorstitch.com/products/roamer-pant-in-navy-broken-twill-2605"
"12502","The Short Sleeve Jack in Dried Palms","Male","Wovens","Solid","Multicolor","18-35","All","128.0","Mixed","","","","","Taylor Stitch","","","","","2026","https://www.taylorstitch.com/products/short-sleeve-jack-in-dried-palms-2605"
"12503","The Short Sleeve Jack in Magnolia","Male","Wovens","Solid","Multicolor","18-35","All","128.0","Mixed","","","","","Taylor Stitch","","","","","2026","https://www.taylorstitch.com/products/short-sleeve-jack-in-magnolia-2605"
"12732","Riviera Terry Button Front Print Shirt - Navy Leaf","Male","Shirt","Solid","Navy","18-35","All","88.0","Mixed","","","","","Grayers","","","","","2026","https://www.grayers.com/products/riviera-terry-button-front-print-shirt-navy-leaf"
"12733","Feeder Stripe Loose Knit Johnny Collar Polo - Blue Wing Teal","Male","Shirt","Striped","Blue","18-35","Winter","78.0","Mixed","","","","","Grayers","","","","","2026","https://www.grayers.com/products/feeder-stripe-loose-knit-johnny-collar-polo-blue-wing-teal"
"12734","Tweed Industrial Jacket - Brown Herringbone","Male","Outerwear","Solid","Brown","18-35","All","185.9","Mixed","","","","","Grayers","","","","","2026","https://www.grayers.com/products/tweed-industrial-jacket-brown-herringbone"
"12735","Safari Linen Blend Polo - Washed Black","Male","Shirt","Solid","Black","18-35","Summer","59.9","Linen","","","","","Grayers","","","","","2026","https://www.grayers.com/products/safari-linen-blend-polo-washed-black"
"12736","Free returns on your order","Male","Return","Solid","Multicolor","18-35","All","3.98","Mixed","","","","","re:do","","","","","2026","https://www.grayers.com/products/free-returns-on-your-order"
"12737","Positano Linen Blend Hoodie - Licorice","Male","Shirt","Solid","Multicolor","18-35","Summer","98.0","Linen","","","","","Grayers","","","","","2026","https://www.grayers.com/products/positano-linen-blend-hoodie-licorice"
"12738","Positano Linen Blend Tee - Parsnip","Male","Tee","Solid","Multicolor","18-35","Summer","78.0","Linen","","","","","Grayers","","","","","2026","https://www.grayers.com/products/positano-linen-blend-tee-parsnip"
"12739","Positano Linen Blend Tee - Hedge Green","Male","Tee","Solid","Green","18-35","Summer","78.0","Linen","","","","","Grayers","","","","","2026","https://www.grayers.com/products/positano-linen-blend-tee-hedge-green"
"12740","Positano Linen Blend Tee - Dark Navy","Male","Tee","Solid","Navy","18-35","Summer","78.0","Linen","","","","","Grayers","","","","","2026","https://www.grayers.com/products/positano-linen-blend-tee-dark-navy"
"12741","Nelson Ramie Stand Up Collar Blazer - Dark Olive","Male","Outerwear","Solid","Olive","18-35","Autumn","195.0","Mixed","","","","","Grayers","","","","","2026","https://www.grayers.com/products/nelson-ramie-stand-up-collar-blazer-dark-olive"
"12742","Sunwashed Pocket Tee - Basil","Male","Shirt","Solid","Multicolor","18-35","Winter","38.0","Mixed","","","","","Grayers","","","","","2026","https://www.grayers.com/products/sunwashed-pocket-tee-basil"
"12743","Sunwashed Pocket Tee - Rose Smoke","Male","Shirt","Solid","Multicolor","18-35","Winter","42.0","Mixed","","","","","Grayers","","","","","2026","https://www.grayers.com/products/sunwashed-pocket-tee-rose-smoke"
"12744","Flex Everyday Knit Short Sleeve Shirt - Rose Smoke","Male","Shirt","Solid","Multicolor","18-35","Winter","88.0","Mixed","","","","","Grayers","","","","","2026","https://www.grayers.com/products/flex-everyday-knit-short-sleeve-shirt-rose-smoke"
"12745","Sunwashed Pocket Tee - Cloud Cream","Male","Shirt","Solid","Cream","18-35","Winter","42.0","Mixed","","","","","Grayers","","","","","2026","https://www.grayers.com/products/sunwashed-pocket-tee-cloud-cream"
"12746","Sunwashed Pocket Tee - Ecru","Male","Shirt","Solid","Multicolor","18-35","Winter","42.0","Mixed","","","","","Grayers","","","","","2026","https://www.grayers.com/products/sunwashed-pocket-tee-ecru"
"12747","Sunwashed 2 Button Polo - Seedling","Male","Shirt","Solid","Multicolor","18-35","Winter","72.0","Mixed","","","","","Grayers","","","","","2026","https://www.grayers.com/products/sunwashed-2-button-polo-seedling"
"12748","Sunwashed 2 Button Polo - Coral Cloud","Male","Shirt","Solid","Coral","18-35","Winter","72.0","Mixed","","","","","Grayers","","","","","2026","https://www.grayers.com/products/sunwashed-2-button-polo-coral-cloud"
"12749","Sunwashed 2 Button Polo - Cloud Cream","Male","Shirt","Solid","Cream","18-35","Winter","72.0","Mixed","","","","","Grayers","","","","","2026","https://www.grayers.com/products/sunwashed-2-button-polo-cloud-cream"
"12750","Burlington 5 Pocket Stretch Corduroy - British tan (Final Sale)","Male","Bottom","Solid","Multicolor","18-35","Autumn","49.97","Mixed","","","","","Grayers","","","","","2026","https://www.grayers.com/products/5-pocket-stretch-corduory-british-tan"
"12751","Flex Everyday Knit Short Sleeve Shirt - Washed Navy","Male","Shirt","Solid","Navy","18-35","Winter","88.0","Mixed","","","","","Grayers","","","","","2026","https://www.grayers.com/products/flex-everyday-knit-short-sleeve-shirt-washed-navy"
"12752","Bimini Cotton Linen Blend Shorts 8"" - Glacier Gray","Male","Bottom","Solid","Gray","18-35","Summer","88.0","Cotton","","","","","Grayers","","","","","2026","https://www.grayers.com/products/bimini-linen-blend-shorts-8-glacier-gray"
"12753","Double Cloth Draw Cord Pants - Light Pebble","Male","Bottom","Solid","Multicolor","18-35","All","61.9","Mixed","","","","","Grayers","","","","","2026","https://www.grayers.com/products/spring-double-cloth-draw-cord-pants-light-pebble"
"12976","Nika Summer Friday Top - Printed Voile :: Soft Floral","Female","Shirt","Floral","Multicolor","18-35","Summer","129.0","Mixed","","","","","M.M.LaFleur","","","","","2026","https://www.mmlafleur.com/products/nika-soft-floral"
"12977","Brooke Definition Top - Eco Drape :: Ivory","Female","Shirt","Solid","Ivory","18-35","All","119.0","Mixed","","","","","M.M.LaFleur","","","","","2026","https://www.mmlafleur.com/products/brooke-ivory"
"12978","Bronwyn Button-Up Dress - OrigamiTech :: Black","Female","Dress","Solid","Black","18-35","All","329.0","Mixed","","","","","M.M.LaFleur","","","","","2026","https://www.mmlafleur.com/products/bronwyn-black"
"12979","Vita Soir?e Dress - Printed Voile :: Soft Floral","Female","Dress","Floral","Multicolor","18-35","Summer","249.0","Mixed","","","","","M.M.LaFleur","","","","","2026","https://www.mmlafleur.com/products/vita-soft-floral"
"12980","Aiko Breeze Tank - Tape Yarn :: Sage","Female","Shirt","Solid","Multicolor","18-35","Summer","189.0","Mixed","","","","","M.M.LaFleur","","","","","2026","https://www.mmlafleur.com/products/aiko-sage"
"12981","Tali Breeze Cardigan - Tape Yarn :: Sage","Female","Jacket","Solid","Multicolor","18-35","All","289.0","Mixed","","","","","M.M.LaFleur","","","","","2026","https://www.mmlafleur.com/products/tali-sage"
"12982","Avi Scoopneck T-Shirt - Ribbed Pima Cotton :: Rose","Female","Shirt","Solid","Multicolor","18-35","All","80.0","Cotton","","","","","M.M.LaFleur","","","","","2026","https://www.mmlafleur.com/products/avi-rose"
"12983","Avi Scoopneck T-Shirt - Ribbed Pima Cotton :: Sage","Female","Shirt","Solid","Multicolor","18-35","All","80.0","Cotton","","","","","M.M.LaFleur","","","","","2026","https://www.mmlafleur.com/products/avi-sage"
"12984","Paige Tank - Ribbed Pima Cotton :: Sage","Female","Shirt","Solid","Multicolor","18-35","Summer","70.0","Cotton","","","","","M.M.LaFleur","","","","","2026","https://www.mmlafleur.com/products/paige-sage"
"12985","Paige Tank - Ribbed Pima Cotton :: Rose","Female","Shirt","Solid","Multicolor","18-35","Summer","70.0","Cotton","","","","","M.M.LaFleur","","","","","2026","https://www.mmlafleur.com/products/paige-rose"
"12986","Leoni Statement Dress - Pima Cotton Jersey :: Ember Red","Female","Dress","Solid","Red","18-35","All","179.0","Cotton","","","","","M.M.LaFleur","","","","","2026","https://www.mmlafleur.com/products/leoni-ember-red"
"12987","Glenda Fancy T-Shirt Dress - Pima Cotton Jersey :: Ember Red","Female","Dress","Solid","Red","18-35","All","179.0","Cotton","","","","","M.M.LaFleur","","","","","2026","https://www.mmlafleur.com/products/glenda-ember-red"
"12988","Zita Drape Dress - Light Printed Jersey :: Botanical Breeze","Female","Dress","Floral","Multicolor","18-35","All","269.0","Jersey","","","","","M.M.LaFleur","","","","","2026","https://www.mmlafleur.com/products/zita-botanical-breeze"
"12989","Franka Ruched Top - Light Printed Jersey :: Botanical Breeze","Female","Shirt","Floral","Multicolor","18-35","All","129.0","Jersey","","","","","M.M.LaFleur","","","","","2026","https://www.mmlafleur.com/products/franka-botanical-breeze"
"12990","Ara Midi Skirt - Light Printed Jersey :: Botanical Breeze","Female","Skirt","Floral","Multicolor","18-35","All","249.0","Jersey","","","","","M.M.LaFleur","","","","","2026","https://www.mmlafleur.com/products/ara-botanical-breeze"
"12991","Tessie Dress - Airy Cotton :: Wild Meadow","Female","Dress","Solid","Multicolor","18-35","All","269.0","Cotton","","","","","M.M.LaFleur","","","","","2026","https://www.mmlafleur.com/products/tessie-wild-meadow"
"12992","Madelyn Pull-On Pant - Airy Cotton :: Wild Meadow","Female","Jeans","Solid","Multicolor","18-35","All","239.0","Cotton","","","","","M.M.LaFleur","","","","","2026","https://www.mmlafleur.com/products/madelyn-wild-meadow"
"12993","Didion Drape Top - Airy Cotton :: Wild Meadow","Female","Shirt","Solid","Multicolor","18-35","All","169.0","Cotton","","","","","M.M.LaFleur","","","","","2026","https://www.mmlafleur.com/products/didion-wild-meadow"
"12994","Russell Button Down - Slub Silk :: Washed Sage","Female","Shirt","Solid","Multicolor","18-35","All","299.0","Silk","","","","","M.M.LaFleur","","","","","2026","https://www.mmlafleur.com/products/russell-washed-sage"
"12995","Elena Travel Culotte - OrigamiTech :: Celadon","Female","Jeans","Solid","Multicolor","18-35","All","259.0","Mixed","","","","","M.M.LaFleur","","","","","2026","https://www.mmlafleur.com/products/elena-celadon"
"12996","Drew Crisp Short - Striped Suiting :: Laurel Green Stripe","Female","Shorts","Striped","Green","18-35","Summer","299.0","Mixed","","","","","M.M.LaFleur","","","","","2026","https://www.mmlafleur.com/products/drew-laurel-green-stripe"
"12997","Tati Pleat Dress - Striped Suiting :: Laurel Green Stripe","Female","Jacket","Striped","Green","18-35","All","389.0","Mixed","","","","","M.M.LaFleur","","","","","2026","https://www.mmlafleur.com/products/tati-laurel-green"
"13226","Linen Barrel Cropped Pant","Female","Jeans","Solid","Multicolor","18-35","Summer","99.0","Linen","","","","","Gibsonlook","","","","","2026","https://www.gibsonlook.com/products/linen-barrel-cropped-pant-black"
"13227","Lily Scallop Puff Sleeve Linen Top","Female","Shirt","Solid","Multicolor","18-35","Summer","89.0","Linen","","","","","Gibsonlook","","","","","2026","https://www.gibsonlook.com/products/lily-scallop-puff-sleeve-linen-top-natural"
"13228","Natalia Ric Rac Skirt","Female","Skirt","Solid","Multicolor","18-35","All","89.0","Mixed","","","","","Gibsonlook","","","","","2026","https://www.gibsonlook.com/products/scallop-trimmed-linen-skirt"
"13229","Tiered Ultra Maxi Skirt","Female","Skirt","Solid","Red","18-35","All","99.0","Mixed","","","","","Gibsonlook","","","","","2026","https://www.gibsonlook.com/products/tiered-ultra-maxi-skirt-natural"
"13231","Double Flutter On The Daily Top","Female","Shirt","Solid","Multicolor","18-35","All","79.0","Mixed","","","","","Gibsonlook","","","","","2026","https://www.gibsonlook.com/products/double-flutter-on-the-daily-top"
"13232","Cinched Sleeve Notch Neck Blazer","Female","Jacket","Solid","Multicolor","18-35","Autumn","99.0","Mixed","","","","","Gibsonlook","","","","","2026","https://www.gibsonlook.com/products/cinched-sleeve-notch-neck-blazer"
"13233","Mink Pink Watson Check Coat","Female","Jacket","Checked","Pink","18-35","Winter","49.0","Mixed","","","","","Mink Pink","","","","","2026","https://www.gibsonlook.com/products/mink-pink-watson-check-coat"
"13234","Gentle Fawn Naya Cardigan","Female","25, Layers, 254, Sale","Solid","Multicolor","18-35","All","39.0","Mixed","","","","","Gentle Fawn","","","","","2026","https://www.gibsonlook.com/products/gentle-fawn-naya-cardigan"
"13235","Gentle Fawn Ellis Jacket","Female","25, Layers, 251, Sale","Solid","Multicolor","18-35","All","39.0","Mixed","","","","","Gentle Fawn","","","","","2026","https://www.gibsonlook.com/products/gentle-fawn-ellis-jacket"
"13236","En Saison Mares Knit Mini Dress","Female","Dress","Solid","Multicolor","18-35","Summer","29.0","Mixed","","","","","En Saison","","","","","2026","https://www.gibsonlook.com/products/en-saison-mares-knit-mini-dress"
"13237","En Saison Laguna Halter Dress","Female","Dress","Solid","Multicolor","18-35","Summer","39.0","Mixed","","","","","En Saison","","","","","2026","https://www.gibsonlook.com/products/en-saison-laguna-halter-dress"
"13238","En Saison Jenna Midi Dress","Female","Dress","Solid","Multicolor","18-35","Spring","39.0","Mixed","","","","","En Saison","","","","","2026","https://www.gibsonlook.com/products/copy-of-en-saison-adreana-midi-dress"
"13239","En Saison Demi Coat","Female","Jacket","Solid","Multicolor","18-35","Winter","49.0","Mixed","","","","","En Saison","","","","","2026","https://www.gibsonlook.com/products/en-saison-demi-coat"
"13240","Good American The Fit For Success Jumpsuit","Female","Dress","Solid","Multicolor","18-35","All","39.0","Mixed","","","","","Good American","","","","","2026","https://www.gibsonlook.com/products/good-american-power-pull-on-straight-jeans"
"13241","Good American Light Weight Scuba Corset Tee","Female","Shirt","Solid","Multicolor","18-35","Winter","19.0","Mixed","","","","","Good American","","","","","2026","https://www.gibsonlook.com/products/good-american-light-weight-scuba-corset"
"13242","Good American Good Legs Crop Mini Boot Jeans","Female","Jeans","Solid","Multicolor","18-35","Summer","69.0","Mixed","","","","","Good American","","","","","2026","https://www.gibsonlook.com/products/good-american-good-legs-crop-mini-boot-jeans"
"13243","Good American Brushed Fleece Wide Leg Pant","Female","Jeans","Solid","Multicolor","18-35","Winter","38.0","Fleece","","","","","Good American","","","","","2026","https://www.gibsonlook.com/products/good-american-brushed-fleece-wide-leg-pant"
"13244","Sanctuary Polished Cargo Pant","Female","Jeans","Solid","Multicolor","18-35","All","49.0","Mixed","","","","","Sanctuary","","","","","2026","https://www.gibsonlook.com/products/sanctuary-polished-cargo-pant"
"13246","Cap Sleeve Notch Neck Blouse","Female","Shirt","Solid","Multicolor","18-35","Spring","69.0","Mixed","","","","","Gibsonlook","","","","","2026","https://www.gibsonlook.com/products/cap-sleeve-notch-neck-blouse-blossom-haze"
"13476","White & Warren x Nori","Female","Storage And Care","Solid","White","18-35","All","59.0","Mixed","","","","","White & Warren","","","","","2026","https://whiteandwarren.com/products/nori-fabric-shaver"
"13477","Linen Blend Shorts | White","Female","Bottoms","Solid","White","18-35","Summer","265.0","Linen","","","","","White & Warren","","","","","2026","https://whiteandwarren.com/products/linen-blend-shorts-white-black"
"13478","Linen Blend Shorts | Redwood Brown","Female","Bottoms","Solid","Red","18-35","Summer","265.0","Linen","","","","","White & Warren","","","","","2026","https://whiteandwarren.com/products/linen-blend-shorts-redwood-brown-black"
"13479","Linen Blend Shorts | Black","Female","Bottoms","Solid","Black","18-35","Summer","265.0","Linen","","","","","White & Warren","","","","","2026","https://whiteandwarren.com/products/linen-blend-shorts-black-white"
"13480","Linen Blend Shirt | Redwood Brown","Female","Cardigans","Solid","Red","18-35","Summer","335.0","Linen","","","","","White & Warren","","","","","2026","https://whiteandwarren.com/products/linen-blend-shirt-redwood-brown-black"
"13481","Linen Blend Shirt | Black","Female","Cardigans","Solid","Black","18-35","Summer","335.0","Linen","","","","","White & Warren","","","","","2026","https://whiteandwarren.com/products/linen-blend-shirt-black-white"
"13482","Linen Blend Cardigan | White","Female","Cardigans","Solid","White","18-35","Summer","295.0","Linen","","","","","White & Warren","","","","","2026","https://whiteandwarren.com/products/linen-blend-cardigan-white"
"13483","Linen Blend Cardigan | Black","Female","Cardigans","Solid","Black","18-35","Summer","295.0","Linen","","","","","White & Warren","","","","","2026","https://whiteandwarren.com/products/linen-blend-cardigan-black"
"13484","Linen Blend Shirt | White","Female","Cardigans","Solid","White","18-35","Summer","335.0","Linen","","","","","White & Warren","","","","","2026","https://whiteandwarren.com/products/linen-blend-shirt-white-black"
"13485","Linen Blend Henley | White","Female","Pullovers","Solid","White","18-35","Summer","295.0","Linen","","","","","White & Warren","","","","","2026","https://whiteandwarren.com/products/linen-blend-henley-white"
"13486","Linen Blend Henley | Redwood Brown","Female","Pullovers","Solid","Red","18-35","Summer","295.0","Linen","","","","","White & Warren","","","","","2026","https://whiteandwarren.com/products/linen-blend-henley-redwood-brown"
"13487","Linen Blend Top | White","Female","Pullovers","Solid","White","18-35","Summer","285.0","Linen","","","","","White & Warren","","","","","2026","https://whiteandwarren.com/products/linen-blend-top-white"
"13488","Linen Blend Top | Linden Green","Female","Pullovers","Solid","Green","18-35","Summer","285.0","Linen","","","","","White & Warren","","","","","2026","https://whiteandwarren.com/products/linen-blend-top-linden-green"
"13489","Linen Blend Top | Black","Female","Pullovers","Solid","Black","18-35","Summer","285.0","Linen","","","","","White & Warren","","","","","2026","https://whiteandwarren.com/products/linen-blend-top-black"
"13490","Linen Blend T-Shirt | White","Female","Pullovers","Solid","White","18-35","Summer","245.0","Linen","","","","","White & Warren","","","","","2026","https://whiteandwarren.com/products/linen-blend-t-shirt-white"
"13491","Linen Blend T-Shirt | Linden Green","Female","Pullovers","Solid","Green","18-35","Summer","245.0","Linen","","","","","White & Warren","","","","","2026","https://whiteandwarren.com/products/linen-blend-t-shirt-linden-green"
"13492","Linen Blend T-Shirt | Black","Female","Pullovers","Solid","Black","18-35","Summer","245.0","Linen","","","","","White & Warren","","","","","2026","https://whiteandwarren.com/products/linen-blend-t-shirt-black"
"13493","Linen Blend Top","Female","Shirt","Solid","Multicolor","18-35","Summer","285.0","Linen","","","","","White & Warren","","","","","2026","https://whiteandwarren.com/products/linen-blend-top"
"13494","Linen Blend Henley","Female","Linen Blend Henley","Solid","Multicolor","18-35","Summer","295.0","Linen","","","","","White & Warren","","","","","2026","https://whiteandwarren.com/products/linen-blend-henley"
"13495","Linen Blend Cardigan","Female","Linen Blend Cardigan","Solid","Multicolor","18-35","Summer","295.0","Linen","","","","","White & Warren","","","","","2026","https://whiteandwarren.com/products/linen-blend-cardigan"
"13496","Linen Blend T-Shirt","Female","Shirt","Solid","Multicolor","18-35","Summer","245.0","Linen","","","","","White & Warren","","","","","2026","https://whiteandwarren.com/products/linen-blend-t-shirt"
"13497","Linen Blend Shorts","Female","Shorts","Solid","Multicolor","18-35","Summer","265.0","Linen","","","","","White & Warren","","","","","2026","https://whiteandwarren.com/products/linen-blend-shorts"
"10496","Accolade Crew Neck Pullover - Clover Green","Female","Women:Outerwear:Coverups:Pullovers","Solid","Green","18-35","All","138.0","Mixed","","","","","Alo Yoga","","","","","2026","https://aloyoga.com/products/u3031rg-accolade-crew-neck-pullover-clover-green"
"10498","Sweet Escape Zip Up Hoodie - Winter Ivy","Female","Shirt","Solid","Multicolor","18-35","Winter","82.0","Mixed","","","","","Alo Yoga","","","","","2026","https://aloyoga.com/products/w3859r-sweet-escape-zip-up-hoodie-winter-ivy"
"10499","Airlift Line Up Bra - Winter Ivy","Female","Women:Bras","Solid","Multicolor","18-35","Winter","68.0","Mixed","","","","","Alo Yoga","","","","","2026","https://aloyoga.com/products/w9533r-airlift-line-up-bra-winter-ivy"
